n_modules,nominal_battery_capacity_kwh,usable_battery_capacity_kwh,rated_battery_power_kw,annual_load_kwh,peak_load_kw,annual_pv_kwh,annual_wind_kwh,total_renewable_kwh,direct_renewable_consumption_kwh,load_served_kwh,load_served_fraction,lpsp,unserved_energy_kwh,hours_with_unmet_load,curtailed_energy_kwh,renewable_utilization,battery_charge_kwh,battery_discharge_kwh,battery_losses_kwh,min_soc_kwh,max_soc_kwh,mean_soc_kwh,battery_throughput_kwh,equivalent_full_cycles,initial_cost_eur,replacement_cost_eur,present_value_cost_eur,equivalent_annual_cost_eur,cost_per_kwh_served_eur,candidate_runtime_seconds
0,0.0,0.0,0.0,3800000.0000000005,729.1325911576365,2312430.040611827,1919836.2558094147,4232266.296421241,2239495.6211976362,2239495.6211976362,0.5893409529467463,0.4106590470532537,1560504.3788023642,5321,1992770.6752236055,0.5291480886000318,0.0,0.0,0.0,0.0,0.0,0.0,0.0,0.0,0.0,0.0,0.0,0.0,0.0,0.019640392000042084
1,250.0,212.5,125.0,3800000.0000000005,729.1325911576365,2312430.040611827,1919836.2558094147,4232266.296421241,2239495.6211976362,2312837.1504124454,0.6086413553716961,0.3913586446283039,1487162.849587555,5067,1915569.0655238065,0.5473892871193877,77201.60969979905,73341.5292148091,3860.0804849899605,24.999999999999986,237.5,107.21711676301501,150543.13891460816,345.1366080696899,75000.0,75000.0,121043.49401555693,9712.843122409246,0.004199536106844862,0.04406835300005696
2,500.0,425.0,250.0,3800000.0000000005,729.1325911576365,2312430.040611827,1919836.2558094147,4232266.296421241,2239495.6211976362,2379407.7837837623,0.62615994310099,0.37384005689901,1420592.2162162382,4835,1845494.714606631,0.5639464567323749,147275.96061697457,139912.16258612584,7363.798030848742,49.999999999999986,475.0,212.73142555143278,287188.1232031004,329.2050884379431,150000.0,150000.0,242086.98803111387,19425.68624481849,0.008164084515991427,0.046769767000000684
3,750.0,637.5,375.0,3800000.0000000005,729.1325911576365,2312430.040611827,1919836.2558094147,4232266.296421241,2239495.6211976362,2440974.5941447783,0.6423617353012574,0.3576382646987425,1359025.4058552217,4616,1780687.545805561,0.5792590964062703,212083.12941804453,201478.97294714232,10604.15647090225,74.99999999999994,712.5,318.0986706688321,413562.10236518685,316.0454477602232,225000.0,225000.0,363130.4820466708,29138.52936722774,0.011937252209475264,0.04615635300001486
4,1000.0,850.0,500.0,3800000.0000000005,729.1325911576365,2312430.040611827,1919836.2558094147,4232266.296421241,2239495.6211976362,2498759.964951051,0.6575684118292239,0.34243158817077624,1301240.0350489498,4427,1719860.8396936958,0.5936312322435874,272909.83552991005,259264.34375341446,13645.49177649553,99.99999999999997,950.0,424.6243554662593,532174.1792833245,305.01687500401704,300000.0,300000.0,484173.97606222774,38851.37248963698,0.015548261151365955,0.0504917050000131
5,1250.0,1062.5,625.0,3800000.0000000005,729.1325911576365,2312430.040611827,1919836.2558094147,4232266.296421241,2239495.6211976362,2554346.132049789,0.6721963505394182,0.3278036494605819,1245653.8679502113,4186,1661349.084852918,0.6074563913292184,331421.5903706874,314850.51085215295,16571.07951853441,124.99999999999999,1187.5,533.3520400441643,646272.1012228404,296.3298925667322,375000.0,375000.0,605217.4700777847,48564.21561204624,0.019012386380492158,0.04793896799992581
6,1500.0,1275.0,750.0,3800000.0000000005,729.1325911576365,2312430.040611827,1919836.2558094147,4232266.296421241,2239495.6211976362,2608266.033215584,0.6863857982146272,0.3136142017853728,1191733.9667844167,4018,1604591.2941520815,0.6208671237183476,388179.3810715239,368770.41201794764,19408.96905357624,149.99999999999994,1425.0,644.6367633085939,756949.7930894715,289.2316957003511,450000.0,450000.0,726260.9640933416,58277.05873445548,0.022343218825193606,0.046155830999964564
7,1750.0,1487.5,875.0,3800000.0000000005,729.1325911576365,2312430.040611827,1919836.2558094147,4232266.296421241,2239495.6211976362,2660139.683042289,0.7000367586953392,0.29996324130466084,1139860.3169577112,3854,1549987.4522292344,0.6337689210294052,442783.2229943713,420644.0618446527,22139.161149718617,174.99999999999994,1662.5,757.526935019266,863427.2848390241,282.7859239291783,525000.0,525000.0,847304.4581088985,67989.90185686472,0.02555877132704082,0.0464318550000371
8,2000.0,1700.0,1000.0,3800000.0000000005,729.1325911576365,2312430.040611827,1919836.2558094147,4232266.296421241,2239495.6211976362,2708521.950992142,0.7127689344716162,0.28723106552838396,1091478.049007859,3684,1499058.7491241265,0.645802356436854,493711.92609947914,469026.32979450515,24685.596304974013,199.99999999999997,1900.0,872.3411407151964,962738.2558939843,275.89784105559124,600000.0,600000.0,968347.9521244555,77702.74497927396,0.02868824635178281,0.04429569600006289
9,2250.0,1912.5,1125.0,3800000.0000000005,729.1325911576365,2312430.040611827,1919836.2558094147,4232266.296421241,2239495.6211976362,2753269.425366292,0.7245445856227083,0.2754554143772917,1046730.5746337087,3536,1451956.1445197575,0.6569317611825334,540814.530703848,513773.8041686555,27040.726535192458,224.99999999999997,2137.5,989.143284279931,1054588.3348725035,268.63989760452574,675000.0,675000.0,1089391.4461400125,87415.58810168323,0.03174973988971441,0.04646665899997515
10,2500.0,2125.0,1250.0,3800000.0000000005,729.1325911576365,2312430.040611827,1919836.2558094147,4232266.296421241,2239495.6211976362,2795501.891326133,0.7356583924542455,0.2643416075457545,1004498.1086738672,3400,1407500.9171936084,0.6674356435501764,585269.7580299969,556006.270128497,29263.487901499917,249.99999999999994,2375.0,1107.3882198562744,1141276.0281584938,261.6500094722339,750000.0,750000.0,1210434.9401555695,97128.43122409248,0.03474454140970607,0.045788450000031844
11,2750.0,2337.5,1375.0,3800000.0000000005,729.1325911576365,2312430.040611827,1919836.2558094147,4232266.296421241,2239495.6211976362,2834769.8166826842,0.745992057021759,0.254007942978241,965230.1833173158,3266,1366166.2589235548,0.677202197773148,626604.4163000507,595274.1954850482,31330.220815002613,275.0,2612.5,1227.713462435638,1221878.611785099,254.6627574267586,825000.0,825000.0,1331478.4341711262,106841.2743465017,0.03768957666959003,0.04528566899989528
12,3000.0,2550.0,1500.0,3800000.0000000005,729.1325911576365,2312430.040611827,1919836.2558094147,4232266.296421241,2239495.6211976362,2870768.084013939,0.7554652852668259,0.24453471473317412,929231.9159860618,3156,1328273.3459432872,0.6861555363218849,664497.3292803183,631272.4628163024,33224.86646401599,299.99999999999994,2850.0,1349.2628289571041,1295769.792096621,247.55782855541273,900000.0,900000.0,1452521.9281866832,116554.11746891096,0.0406003250899821,0.046334029000036026
13,3250.0,2762.5,1625.0,3800000.0000000005,729.1325911576365,2312430.040611827,1919836.2558094147,4232266.296421241,2239495.6211976362,2903447.580125762,0.7640651526646741,0.23593484733532583,896552.4198742382,3044,1293873.8763518939,0.6942834439680745,698896.7988717117,663951.9589281261,34944.83994358566,324.99999999999994,3087.5,1471.67118882617,1362848.7577998377,240.34460051696874,975000.0,975000.0,1573565.4222022402,126266.96059132021,0.04348863105214078,0.04512766900006682
14,3500.0,2975.0,1750.0,3800000.0000000005,729.1325911576365,2312430.040611827,1919836.2558094147,4232266.296421241,2239495.6211976362,2933142.754442349,0.7718796722216708,0.22812032777832922,866857.2455576512,2949,1262615.7981239075,0.7016691035742336,730154.877099698,693647.1332447128,36507.743854984976,350.0,3325.0,1593.9781162830413,1423802.0103444108,233.15870025032365,1050000.0,1050000.0,1694608.916217797,135979.80371372943,0.046359763263408564,0.0460066599999891
15,3750.0,3187.5,1875.0,3800000.0000000005,729.1325911576365,2312430.040611827,1919836.2558094147,4232266.296421241,2239495.6211976362,2960374.660121875,0.779045963189967,0.22095403681003295,839625.3398781253,2840,1233950.6342507226,0.7084421093034391,758820.0409728831,720879.0389242389,37941.00204864424,375.0,3562.5,1717.0480962102226,1479699.079897122,226.15812985858474,1125000.0,1125000.0,1815652.4102333542,145692.6468361387,0.04921425953231904,0.0457101210000701
16,4000.0,3400.0,2000.0,3800000.0000000005,729.1325911576365,2312430.040611827,1919836.2558094147,4232266.296421241,2239495.6211976362,2985334.5926248087,0.7856143664802127,0.21438563351978726,814665.4073751917,2755,1207677.0210897396,0.7146500393628495,785093.6541338658,745838.9714271724,39254.682706693384,400.0,3800.0,1841.0891117407352,1530932.6255610383,219.36440336093307,1200000.0,1200000.0,1936695.904248911,155405.48995854793,0.05205630562901497,0.04828948899989882
17,4250.0,3612.5,2125.0,3800000.0000000005,729.1325911576365,2312430.040611827,1919836.2558094147,4232266.296421241,2239495.6211976362,3008166.5506169773,0.7916227764781518,0.20837722352184812,791833.449383023,2656,1183643.381097983,0.7203287084985982,809127.2941256224,768670.929419341,40456.3647062812,425.0,4037.5,1967.2144932443098,1577798.2235449634,212.78088011608057,1275000.0,1275000.0,2057739.398264468,165118.33308095718,0.054890023641507246,0.04493795799999134
18,4500.0,3825.0,2250.0,3800000.0000000005,729.1325911576365,2312430.040611827,1919836.2558094147,4232266.296421241,2239495.6211976362,3029371.5388789168,0.7972030365470832,0.20279696345291662,770628.4611210832,2567,1161322.340822257,0.7256027245250946,831448.3344013484,789875.9176812809,41572.416720067515,449.99999999999994,4275.0,2094.4529433178045,1621324.2520826291,206.50350789053095,1350000.0,1350000.0,2178782.892280025,174831.17620336646,0.057712028372745076,0.05098980399998254
19,4750.0,4037.5,2375.0,3800000.0000000005,729.1325911576365,2312430.040611827,1919836.2558094147,4232266.296421241,2239495.6211976362,3048894.371849317,0.8023406241708728,0.19765937582912713,751105.6281506831,2483,1140771.990327099,0.7304583619202497,851998.6848965064,809398.7506516811,42599.93424482542,475.0,4512.5,2222.9587640463415,1661397.4355481875,200.47027879917798,1425000.0,1425000.0,2299826.3862955817,184544.01932577568,0.06052817737133999,0.051654955999993035
20,5000.0,4250.0,2500.0,3800000.0000000005,729.1325911576365,2312430.040611827,1919836.2558094147,4232266.296421241,2239495.6211976362,3066583.464911317,0.8069956486608728,0.19300435133912713,733416.5350886832,2407,1122151.8923670994,0.7348579191919046,870618.7828565063,827087.8437136807,43530.9391428254,499.99999999999994,4750.0,2351.593922288253,1697706.626570187,194.608904403219,1500000.0,1500000.0,2420869.880311139,194256.86244818495,0.06334634770940523,0.04646512300007544
21,5250.0,4462.5,2625.0,3800000.0000000005,729.1325911576365,2312430.040611827,1919836.2558094147,4232266.296421241,2239495.6211976362,3083121.4396300027,0.8113477472710533,0.1886522527289467,716878.5603699975,2336,1104743.4979263772,0.7389711751218168,888027.1772972282,843625.8184323667,44401.35886486151,525.0,4987.5,2481.1200846996703,1731652.995729595,189.04780244983007,1575000.0,1575000.0,2541913.3743266957,203969.70557059417,0.06615688339382182,0.04510310900002423
22,5500.0,4675.0,2750.0,3800000.0000000005,729.1325911576365,2312430.040611827,1919836.2558094147,4232266.296421241,2239495.6211976362,3098344.4338962114,0.8153537983937398,0.1846462016062603,701655.5661037893,2276,1088719.2934356318,0.7427573746112712,904051.3817879737,858848.812698575,45202.569089398785,550.0,5225.0,2611.496380525773,1762900.1944865487,183.71097597830482,1650000.0,1650000.0,2662956.8683422524,213682.5486930034,0.06896668632295816,0.045553146999964156
23,5750.0,4887.5,2875.0,3800000.0000000005,729.1325911576365,2312430.040611827,1919836.2558094147,4232266.296421241,2239495.6211976362,3112756.4187458637,0.8191464259857535,0.1808535740142465,687243.5812541369,2225,1073548.7830675768,0.7463418632293157,919221.8921560289,873260.7975482272,45961.09460780155,575.0,5462.5,2742.4470900178685,1792482.6897042561,178.6722859433713,1725000.0,1725000.0,2784000.362357809,223395.39181541264,0.07176770738309782,0.04370583100001113
24,6000.0,5100.0,3000.0,3800000.0000000005,729.1325911576365,2312430.040611827,1919836.2558094147,4232266.296421241,2239495.6211976362,3126712.5625115847,0.8228190953977853,0.1771809046022146,673287.4374884156,2169,1058858.105419449,0.7498129769587495,933912.5698041564,887216.9413139485,46695.62849020793,600.0,5700.0,2874.149017436881,1821129.511118105,173.9641061399899,1800000.0,1800000.0,2905043.8563733664,233108.23493782192,0.07455377821828744,0.045595101000003524
25,6250.0,5312.5,3125.0,3800000.0000000005,729.1325911576365,2312430.040611827,1919836.2558094147,4232266.296421241,2239495.6211976362,3139223.112519237,0.8261113453997991,0.1738886546002008,660776.8874807631,2122,1045689.105411394,0.7529245486524282,947081.5698122117,899727.491321601,47354.07849061069,625.0,5937.5,3007.214413759033,1846809.0611338126,169.3604689546543,1875000.0,1875000.0,3026087.3503889237,242821.07806023117,0.07735069135158298,0.04680806700002904
26,6500.0,5525.0,3250.0,3800000.0000000005,729.1325911576365,2312430.040611827,1919836.2558094147,4232266.296421241,2239495.6211976362,3151064.3988629133,0.829227473384977,0.17077252661502293,648935.6011370872,2078,1033224.5934706822,0.7558696638856667,959546.0817529232,911568.777665277,47977.30408764627,650.0,6175.0,3142.580913806508,1871114.8594182003,164.98982401181485,1950000.0,1950000.0,3147130.8444044804,252533.92118264042,0.08014241831229134,0.04656071400006567
27,6750.0,5737.5,3375.0,3800000.0000000005,729.1325911576365,2312430.040611827,1919836.2558094147,4232266.296421241,2239495.6211976362,3162029.033647489,0.8321129035914443,0.16788709640855562,637970.9663525114,2043,1021682.872644813,0.7585967420082388,971087.8025787924,922533.4124498528,48554.39012893974,675.0,6412.5,3279.532064540671,1893621.2150286452,160.79013724616172,2025000.0,2025000.0,3268174.338420037,262246.76430504967,0.082936229084064,0.04604923199997302
28,7000.0,5950.0,3500.0,3800000.0000000005,729.1325911576365,2312430.040611827,1919836.2558094147,4232266.296421241,2239495.6211976362,3172288.500842664,0.8348127633796483,0.16518723662035165,627711.4991573363,2008,1010883.4334919972,0.7611484337961462,981887.2417316083,932792.8796450278,49094.36208658053,700.0,6650.0,3416.984730742212,1914680.121376636,156.77191254538283,2100000.0,2100000.0,3389217.832435594,271959.60742745886,0.08572978383120497,0.053050134000045546
29,7250.0,6162.5,3625.0,3800000.0000000005,729.1325911576365,2312430.040611827,1919836.2558094147,4232266.296421241,2239495.6211976362,3182034.348305303,0.8373774600803429,0.16262253991965722,617965.6516946976,1976,1000624.6466892195,0.7635723802315235,992146.028534386,942538.7271076664,49607.30142671941,725.0,6887.5,3554.0965824637638,1934684.7556420523,152.9474607882623,2175000.0,2175000.0,3510261.326451151,281672.45054986817,0.08851961346673774,0.04968415799999093
30,7500.0,6375.0,3750.0,3800000.0000000005,729.1325911576365,2312430.040611827,1919836.2558094147,4232266.296421241,2239495.6211976362,3191561.839777353,0.8398846946782508,0.16011530532174914,608438.1602226468,1952,990595.7082975872,0.7659420180778265,1002174.9669260182,952066.2185797173,50108.74834630103,750.0,7125.0,3691.801118380642,1954241.1855057357,149.3437205615243,2250000.0,2250000.0,3631304.8204667084,291385.2936722774,0.09129865197680292,0.04796071100008703
31,7750.0,6587.5,3875.0,3800000.0000000005,729.1325911576365,2312430.040611827,1919836.2558094147,4232266.296421241,2239495.6211976362,3200781.404937146,0.842310896036091,0.15768910396390892,599218.595062854,1918,980890.9028662264,0.7682350697791258,1011879.7723573792,961285.7837395101,50593.98861786908,775.0,7362.5,3830.5908360335416,1973165.5560968893,145.9257356720319,2325000.0,2325000.0,3752348.314482265,301098.13679468667,0.09407019683701247,0.04963371599990296
32,8000.0,6800.0,4000.0,3800000.0000000005,729.1325911576365,2312430.040611827,1919836.2558094147,4232266.296421241,2239495.6211976362,3209687.5382697154,0.8446546153341356,0.1553453846658644,590312.4617302847,1895,971516.0256740481,0.770450166026757,1021254.6495495574,970191.9170720794,51062.732477477985,800.0,7600.0,3968.8276769547388,1991446.5666216367,142.6752819223646,2400000.0,2400000.0,3873391.808497822,310810.97991709586,0.09683527639723101,0.0469526299999643
33,8250.0,7012.5,4125.0,3800000.0000000005,729.1325911576365,2312430.040611827,1919836.2558094147,4232266.296421241,2239495.6211976362,3218482.6127206306,0.8469691086106922,0.15303089138930778,581517.3872793696,1867,962258.0525678218,0.772637640173659,1030512.6226557838,978986.9915229945,51525.631132789305,825.0,7837.5,4105.8962261343595,2009499.6141787781,139.6059880959707,2475000.0,2475000.0,3994435.3025133787,320523.8230395051,0.09958848985937557,0.04658219200007352
34,8500.0,7225.0,4250.0,3800000.0000000005,729.1325911576365,2312430.040611827,1919836.2558094147,4232266.296421241,2239495.6211976362,3226936.869574363,0.8491939130458849,0.15080608695411507,573063.1304256374,1842,953358.834827051,0.7747403475926832,1039411.8403965546,987441.2483767266,51970.59201982785,850.0,8075.0,4242.592894483885,2026853.0887732813,136.67006897947775,2550000.0,2550000.0,4115478.796528936,330236.66616191436,0.10233750442272302,0.04878846100007195
35,8750.0,7437.5,4375.0,3800000.0000000005,729.1325911576365,2312430.040611827,1919836.2558094147,4232266.296421241,2239495.6211976362,3234823.465240546,0.8512693329580383,0.14873066704196164,565176.5347594543,1816,945057.1551784374,0.7767018686944233,1047713.5200451683,995327.8440429098,52385.67600225853,875.0,8312.5,4378.134885270201,2043041.364088078,133.82559247635763,2625000.0,2625000.0,4236522.290544493,339949.50928432366,0.10509059085826945,0.047360954000055244
36,9000.0,7650.0,4500.0,3800000.0000000005,729.1325911576365,2312430.040611827,1919836.2558094147,4232266.296421241,2239495.6211976362,3242423.303321005,0.8532692903476328,0.1467307096523673,557576.6966789959,1796,937057.3256200597,0.7785920686483208,1055713.3496035459,1002927.6821233684,52785.667480177406,900.0,8550.0,4512.615992968429,2058641.0317269142,131.10165779390437,2700000.0,2700000.0,4357565.78456005,349662.3524067329,0.10783982216282381,0.053046627999947304
37,9250.0,7862.5,4625.0,3800000.0000000005,729.1325911576365,2312430.040611827,1919836.2558094147,4232266.296421241,2239495.6211976362,3249509.6890631695,0.8551341287008339,0.14486587129916606,550490.310936831,1771,929597.9722072548,0.7803545648832843,1063172.703016351,1010014.067865533,53158.63515081766,925.0,8787.5,4646.8690096401915,2073186.770881884,128.4596588700201,2775000.0,2775000.0,4478609.278575607,359375.1955291421,0.11059366794279343,0.047254511999994975
38,9500.0,8075.0,4750.0,3800000.0000000005,729.1325911576365,2312430.040611827,1919836.2558094147,4232266.296421241,2239495.6211976362,3256344.628597467,0.8569327969993333,0.14306720300066675,543655.3714025337,1749,922403.2990132577,0.7820545224686754,1070367.376210348,1016849.0073998303,53518.368810517524,950.0,9025.0,4781.254734633174,2087216.3836101783,125.92557367180561,2850000.0,2850000.0,4599652.772591163,369088.03865155135,0.11334428039655017,0.04970395299994834
39,9750.0,8287.5,4875.0,3800000.0000000005,729.1325911576365,2312430.040611827,1919836.2558094147,4232266.296421241,2239495.6211976362,3262863.994131633,0.8586484195083244,0.14135158049167554,537136.0058683672,1729,915540.8089772927,0.783675991808109,1077229.8662463129,1023368.372933997,53861.49331231576,975.0,9262.5,4914.497950740075,2100598.2391803097,123.48336324995438,2925000.0,2925000.0,4720696.26660672,378800.8817739606,0.11609459740131563,0.045727129000056266
40,10000.0,8500.0,5000.0,3800000.0000000005,729.1325911576365,2312430.040611827,1919836.2558094147,4232266.296421241,2239495.6211976362,3269209.120387247,0.8603181895755911,0.13968181042440878,530790.8796127534,1704,908861.7287082257,0.785254125082642,1083908.94651538,1029713.4991896106,54195.44732576911,1000.0,9500.0,5047.547539646595,2113622.4457049905,121.14276461054243,3000000.0,3000000.0,4841739.760622278,388513.7248963699,0.11884027928147631,0.045175556999993205
41,10250.0,8712.5,5125.0,3800000.0000000005,729.1325911576365,2312430.040611827,1919836.2558094147,4232266.296421241,2239495.6211976362,3275391.6609387994,0.8619451739312629,0.13805482606873715,524608.3390612012,1685,902353.7912855392,0.7867918207206007,1090416.8839380662,1035896.0397411629,54520.84419690344,1025.0,9737.5,5181.560364669582,2126312.923679229,118.89768031462415,3075000.0,3075000.0,4962783.254637835,398226.5680187791,0.12158135858007241,0.04430312600004527
42,10500.0,8925.0,5250.0,3800000.0000000005,729.1325911576365,2312430.040611827,1919836.2558094147,4232266.296421241,2239495.6211976362,3281398.1229537874,0.863525821829944,0.13647417817005597,518601.8770462128,1666,896031.1996908145,0.788285722841096,1096739.475532791,1041902.5017561514,54836.97377663968,1050.0,9975.0,5314.4180128121925,2138641.977288943,116.73977610713182,3150000.0,3150000.0,5083826.748653391,407939.41114118835,0.12431877993944151,0.06974139900000864
43,10750.0,9137.5,5375.0,3800000.0000000005,729.1325911576365,2312430.040611827,1919836.2558094147,4232266.296421241,2239495.6211976362,3287237.551640304,0.8650625135895536,0.13493748641044656,512762.448359697,1648,889884.4326523768,0.7897380811304683,1102886.2425712286,1047741.9304426671,55144.31212856156,1075.0,10212.5,5447.423518715069,2150628.1730138958,114.66395955596904,3225000.0,3225000.0,5204870.242668948,417652.2542635976,0.12705265369556046,0.0615237409999736
44,11000.0,9350.0,5500.0,3800000.0000000005,729.1325911576365,2312430.040611827,1919836.2558094147,4232266.296421241,2239495.6211976362,3293036.8942754646,0.8665886563882801,0.13341134361171988,506963.10572453565,1631,883779.8614574701,0.7911804693847396,1108990.8137661354,1053541.2730778283,55449.54068830689,1100.0,10450.0,5579.949625728334,2162532.0868439637,112.67821102436666,3300000.0,3300000.0,5325913.736684505,427365.0973860068,0.1297784115716796,0.0458772910000107
45,11250.0,9562.5,5625.0,3800000.0000000005,729.1325911576365,2312430.040611827,1919836.2558094147,4232266.296421241,2239495.6211976362,3298707.8872531857,0.8680810229613646,0.13191897703863545,501292.11274681473,1610,877810.3951651324,0.7925909350488178,1114960.2800584733,1059212.2660555495,55748.01400292378,1125.0,10687.5,5713.059092265807,2174172.546114023,110.76729579665877,3375000.0,3375000.0,5446957.230700063,437077.9405084161,0.13249974094322375,0.04528094099998725
46,11500.0,9775.0,5750.0,3800000.0000000005,729.1325911576365,2312430.040611827,1919836.2558094147,4232266.296421241,2239495.6211976362,3304300.11050852,0.8695526606601368,0.13044733933986327,495699.88949148054,1592,871923.8443700438,0.7939818094368652,1120846.8308535619,1064804.4893108835,56042.341542678216,1150.0,10925.0,5846.712152621292,2185651.3201644453,108.93140555610061,3450000.0,3450000.0,5568000.724715618,446790.7836308253,0.1352149528458133,0.0455672149998918
47,11750.0,9987.5,5875.0,3800000.0000000005,729.1325911576365,2312430.040611827,1919836.2558094147,4232266.296421241,2239495.6211976362,3309734.5829253523,0.8709827849803558,0.12901721501964425,490265.4170746482,1575,866203.3470891677,0.7953334486958866,1126567.328134438,1070238.961727716,56328.36640672202,1175.0,11162.5,5980.217696998449,2196806.289862154,107.157843477118,3525000.0,3525000.0,5689044.218731176,456503.6267532346,0.13792756346937882,0.04539007400001083
48,12000.0,10200.0,6000.0,3800000.0000000005,729.1325911576365,2312430.040611827,1919836.2558094147,4232266.296421241,2239495.6211976362,3314963.0158801614,0.872358688389516,0.12764131161048395,485036.98411983903,1559,860699.7334525262,0.7966338426813255,1132070.9417710793,1075467.3946825252,56603.54708855409,1200.0,11400.0,6112.802473086855,2207538.3364536045,105.4379798708358,3600000.0,3600000.0,5810087.712746733,466216.46987564384,0.14064002151524999,0.04454554400001598
49,12250.0,10412.5,6125.0,3800000.0000000005,729.1325911576365,2312430.040611827,1919836.2558094147,4232266.296421241,2239495.6211976362,3319973.1597560793,0.8736771473042313,0.12632285269576876,480026.8402439214,1537,855425.8977936656,0.7978799447196873,1137344.77742994,1080477.5385584428,56867.23887149712,1225.0,11637.5,6244.047091154766,2217822.315988383,103.76735064186725,3675000.0,3675000.0,5931131.20676229,475929.31299805304,0.14335336163772477,0.04500114100005703
50,12500.0,10625.0,6250.0,3800000.0000000005,729.1325911576365,2312430.040611827,1919836.2558094147,4232266.296421241,2239495.6211976362,3324764.637833507,0.8749380625877649,0.12506193741223526,475235.362166494,1519,850382.2366595316,0.7990716611148486,1142388.438564074,1085269.01663587,57119.421928203825,1250.0,11875.0,6375.723468474385,2227657.455199944,102.1429662716113,3750000.0,3750000.0,6052174.700777847,485642.15612046234,0.14606813083674938,0.04522243899998557
51,12750.0,10837.5,6375.0,3800000.0000000005,729.1325911576365,2312430.040611827,1919836.2558094147,4232266.296421241,2239495.6211976362,3329528.3835695316,0.8761916798867188,0.1238083201132812,470471.6164304686,1496,845367.7674637155,0.8002564800380001,1147402.9077598902,1090032.7623718954,57370.145387994635,1275.0,12112.5,6507.306982768932,2237435.670131786,100.57972432497304,3825000.0,3825000.0,6173218.194793403,495354.99924287153,0.1487763257064683,0.045408543999997164
52,13000.0,11050.0,6500.0,3800000.0000000005,729.1325911576365,2312430.040611827,1919836.2558094147,4232266.296421241,2239495.6211976362,3333938.2808010434,0.8773521791581692,0.12264782084183078,466061.719198957,1477,840725.7703779137,0.8013532912404822,1152044.9048456918,1094442.6596034071,57602.24524228473,1300.0,12350.0,6640.413936114261,2246487.564449099,99.04458457949386,3900000.0,3900000.0,6294261.688808961,505067.84236528084,0.15149285914312982,0.04465109600005235
53,13250.0,11262.5,6625.0,3800000.0000000005,729.1325911576365,2312430.040611827,1919836.2558094147,4232266.296421241,2239495.6211976362,3338080.6683975873,0.8784422811572598,0.1215577188427403,461919.3316024132,1462,836365.3623815518,0.8023835685649616,1156405.3128420538,1098585.047199951,57820.26564210282,1325.0,12587.5,6775.315923539114,2254990.360042005,97.54362239289243,3975000.0,3975000.0,6415305.182824518,514780.68548769003,0.15421457317111675,0.04458142600003612
54,13500.0,11475.0,6750.0,3800000.0000000005,729.1325911576365,2312430.040611827,1919836.2558094147,4232266.296421241,2239495.6211976362,3342088.7075370615,0.8794970282992266,0.12050297170077336,457911.2924629388,1442,832146.3738136839,0.8033804313028842,1160624.3014099216,1102593.0863394253,58031.21507049621,1350.0,12825.0,6913.617312980356,2263217.387749347,96.08654347184535,4050000.0,4050000.0,6536348.676840074,524493.5286100993,0.15693584895794782,0.04831077800008643
55,13750.0,11687.5,6875.0,3800000.0000000005,729.1325911576365,2312430.040611827,1919836.2558094147,4232266.296421241,2239495.6211976362,3346023.9757537777,0.8805326251983624,0.11946737480163738,453976.0242462221,1429,828003.9862171402,0.8043591947611398,1164766.6890064655,1106528.354556142,58238.334450323404,1375.0,13062.5,7052.576310880826,2271295.0435626074,94.67622284972337,4125000.0,4125000.0,6657392.170855632,534206.3717325086,0.159654077676525,0.047676273999968544
56,14000.0,11900.0,7000.0,3800000.0000000005,729.1325911576365,2312430.040611827,1919836.2558094147,4232266.296421241,2239495.6211976362,3349947.409498765,0.8815651077628328,0.11843489223716716,450052.5905012353,1412,823874.0559592592,0.8053350147990644,1168896.6192643463,1110451.788301129,58444.83096321745,1400.0,13300.0,7192.069878281689,2279348.4075654754,93.31527632782596,4200000.0,4200000.0,6778435.664871188,543919.2148549177,0.16236649366871747,0.0465027079999345
57,14250.0,12112.5,7125.0,3800000.0000000005,729.1325911576365,2312430.040611827,1919836.2558094147,4232266.296421241,2239495.6211976362,3353675.5583356544,0.8825461995620142,0.11745380043798573,446324.4416643458,1403,819949.6887625336,0.806262264391096,1172820.9864610722,1114179.9371380182,58641.04932305373,1425.0,13537.5,7329.365329848392,2287000.9235990904,91.985959722437,4275000.0,4275000.0,6899479.158886746,553632.057977327,0.16508217576421758,0.045057317999976476
58,14500.0,12325.0,7250.0,3800000.0000000005,729.1325911576365,2312430.040611827,1919836.2558094147,4232266.296421241,2239495.6211976362,3357204.205879985,0.8834747910210485,0.11652520897895148,442795.7941200157,1392,816235.3229263965,0.8071398948557191,1176535.352297209,1117708.5846823484,58826.76761486058,1450.0,13775.0,7464.425492725332,2294243.9369795574,90.68629490323313,4350000.0,4350000.0,7020522.652902302,563344.9010997363,0.1678017977318938,0.050209275999918646
59,14750.0,12537.5,7375.0,3800000.0000000005,729.1325911576365,2312430.040611827,1919836.2558094147,4232266.296421241,2239495.6211976362,3360725.235337047,0.8844013777202754,0.11559862227972457,439274.76466295344,1384,812528.9761294888,0.8080156305815268,1180241.6990941167,1121229.6141394107,59012.08495470596,1475.0,14012.5,7599.516541177556,2301471.3132335274,89.43007889446945,4425000.0,4425000.0,7141566.146917859,573057.7442221455,0.1705160952155833,0.04558341000006294
60,15000.0,12750.0,7500.0,3800000.0000000005,729.1325911576365,2312430.040611827,1919836.2558094147,4232266.296421241,2239495.6211976362,3364056.1131800325,0.885277924521061,0.11472207547893887,435943.88681996777,1373,809022.788926346,0.808844072592869,1183747.8862972595,1124560.4919823962,59187.39431486311,1500.0,14250.0,7736.100152663645,2308308.3782796557,88.20082290058009,4500000.0,4500000.0,7262609.640933417,582770.5873445548,0.1732345025581822,0.0471808269999201
61,15250.0,12962.5,7625.0,3800000.0000000005,729.1325911576365,2312430.040611827,1919836.2558094147,4232266.296421241,2239495.6211976362,3367370.0232572677,0.8861500061203335,0.1138499938796665,432629.97674273275,1364,805534.4625292565,0.8096682944524526,1187236.212694349,1127874.4020596314,59361.810634717585,1525.0,14487.5,7873.0044864668425,2315110.61475398,87.01056139322132,4575000.0,4575000.0,7383653.134948973,592483.430466964,0.17594841861003827,0.04528520700000627
62,15500.0,13175.0,7750.0,3800000.0000000005,729.1325911576365,2312430.040611827,1919836.2558094147,4232266.296421241,2239495.6211976362,3370683.933334503,0.8870220877196059,0.11297791228039412,429316.0666654977,1355,802046.1361321671,0.8104925163120362,1190724.5390914385,1131188.3121368664,59536.22695457206,1550.0,14725.0,8011.858380312905,2321912.851228305,85.85869541835798,4650000.0,4650000.0,7504696.62896453,602196.2735893733,0.17865699825306405,0.045421752000038396
63,15750.0,13387.5,7875.0,3800000.0000000005,729.1325911576365,2312430.040611827,1919836.2558094147,4232266.296421241,2239495.6211976362,3373997.843411738,0.8878941693188783,0.11210583068112173,426002.15658826265,1346,798557.8097350774,0.81131673817162,1194212.865488528,1134502.2222141013,59710.64327442654,1575.0,14962.5,8153.023567275041,2328715.087702629,84.74339661729982,4725000.0,4725000.0,7625740.122980087,611909.1167117825,0.18136025721137652,0.046973578000006455
64,16000.0,13600.0,8000.0,3800000.0000000005,729.1325911576365,2312430.040611827,1919836.2558094147,4232266.296421241,2239495.6211976362,3377231.704511183,0.8887451853976795,0.11125481460232035,422768.2954888174,1337,795153.7454198719,0.8121210505841172,1197616.9298037337,1137736.0833135468,59880.846490186814,1600.0,15200.0,8293.400992804154,2335353.013117281,83.6570649495255,4800000.0,4800000.0,7746783.616995644,621621.9598341917,0.18406257379493737,0.04540453599997818
65,16250.0,13812.5,8125.0,3800000.0000000005,729.1325911576365,2312430.040611827,1919836.2558094147,4232266.296421241,2239495.6211976362,3380216.170988345,0.8895305713127223,0.11046942868727774,419783.82901165547,1328,792012.2017597016,0.8128633346088315,1200758.473463904,1140720.5497907086,60037.923673195335,1625.0,15437.5,8432.978280892708,2341479.0232546125,82.58610315226849,4875000.0,4875000.0,7867827.1110112015,631334.802956601,0.18677349939190557,0.04680202999998073
66,16500.0,14025.0,8250.0,3800000.0000000005,729.1325911576365,2312430.040611827,1919836.2558094147,4232266.296421241,2239495.6211976362,3383115.8423059257,0.8902936427120856,0.1097063572879144,416884.1576940748,1319,788959.9161622482,0.8135845287359672,1203810.7590613575,1143620.2211082892,60190.537953068,1650.0,15675.0,8572.818618988847,2347430.9801696464,81.54154874212401,4950000.0,4950000.0,7988870.605026757,641047.6460790102,0.18948439130067543,0.052423186000055466
67,16750.0,14237.5,8375.0,3800000.0000000005,729.1325911576365,2312430.040611827,1919836.2558094147,4232266.296421241,2239495.6211976362,3386015.5136235063,0.8910567141114489,0.10894328588855108,413984.48637649417,1307,785907.6305647949,0.814305722863103,1206863.0446588106,1146519.89242587,60343.152232940665,1675.0,15912.5,8712.454511409984,2353382.9370846804,80.52817506064056,5025000.0,5025000.0,8109914.099042315,650760.4892014195,0.1921906401737113,0.04787561499995263
68,17000.0,14450.0,8500.0,3800000.0000000005,729.1325911576365,2312430.040611827,1919836.2558094147,4232266.296421241,2239495.6211976362,3388871.585675507,0.8918083120198701,0.10819168798012989,411128.4143244936,1298,782901.2389311101,0.8150160731631837,1209869.4362924953,1149375.9644778706,60493.47181462491,1700.0,16150.0,8852.312259719929,2359245.400770366,79.54158923722288,5100000.0,5100000.0,8230957.593057872,660473.3323238287,0.1948947653005199,0.049659948999988046
69,17250.0,14662.5,8625.0,3800000.0000000005,729.1325911576365,2312430.040611827,1919836.2558094147,4232266.296421241,2239495.6211976362,3391564.13761326,0.8925168783192788,0.10748312168072108,408435.86238674016,1287,780066.9737334748,0.8156857534240954,1212703.7014901307,1152068.516415624,60635.18507450666,1725.0,16387.5,8991.302836463537,2364772.2179057547,78.57244783738271,5175000.0,5175000.0,8352001.087073429,670186.175446238,0.19760386307123387,0.043857627999955184
70,17500.0,14875.0,8750.0,3800000.0000000005,729.1325911576365,2312430.040611827,1919836.2558094147,4232266.296421241,2239495.6211976362,3394087.438398502,0.8931809048417109,0.10681909515828904,405912.5616014984,1276,777410.8676437467,0.8163133382459613,1215359.8075798587,1154591.8172008656,60767.99037899308,1750.0,16625.0,9131.143470118712,2369951.6247807243,77.6196179630834,5250000.0,5250000.0,8473044.581088986,679899.0185686473,0.20031865145155403,0.045723916000042664
71,17750.0,15087.5,8875.0,3800000.0000000005,729.1325911576365,2312430.040611827,1919836.2558094147,4232266.296421241,2239495.6211976362,3396572.8709564283,0.8938349660411652,0.10616503395883475,403427.1290435721,1267,774794.6228459296,0.816931504640649,1217976.0523776761,1157077.249758792,60898.802618883936,1775.0,16862.5,9271.252423738426,2375053.3021364682,76.69111845957197,5325000.0,5325000.0,8594088.075104542,689611.8616910565,0.20303166983044038,0.04588273299998491
72,18000.0,15300.0,9000.0,3800000.0000000005,729.1325911576365,2312430.040611827,1919836.2558094147,4232266.296421241,2239495.6211976362,3399058.303514355,0.8944890272406196,0.10551097275938047,400941.69648564584,1259,772178.3780481125,0.8175496710353367,1220592.297175493,1159562.6823167182,61029.61485877479,1800.0,17100.0,9410.985764185274,2380154.9794922112,75.78841060893583,5400000.0,5400000.0,8715131.5691201,699324.7048134658,0.20574072062559795,0.0448077960001001
73,18250.0,15512.5,9125.0,3800000.0000000005,729.1325911576365,2312430.040611827,1919836.2558094147,4232266.296421241,2239495.6211976362,3401543.7360722804,0.8951430884400737,0.10485691155992619,398456.26392771956,1254,769562.1332502954,0.8181678374300245,1223208.5419733105,1162048.1148746447,61160.42709866565,1825.0,17337.5,9549.326487803259,2385256.656847955,74.91043448023495,5475000.0,5475000.0,8836175.063135657,709037.5479358751,0.20844581253410308,0.04729665100001057
74,18500.0,15725.0,9250.0,3800000.0000000005,729.1325911576365,2312430.040611827,1919836.2558094147,4232266.296421241,2239495.6211976362,3403943.772904912,0.89577467708024,0.10422532291976014,396056.2270950886,1243,767035.7786896311,0.81876476455694,1225734.8965339744,1164448.1517072755,61286.74482669886,1850.0,17575.0,9687.457658207475,2390183.04824125,74.05075686532754,5550000.0,5550000.0,8957218.557151213,718750.3910582842,0.21115225133254933,0.04709315900004185
75,18750.0,15937.5,9375.0,3800000.0000000005,729.1325911576365,2312430.040611827,1919836.2558094147,4232266.296421241,2239495.6211976362,3406222.0860830112,0.8963742331797397,0.10362576682026037,393777.91391698946,1239,764637.5542916321,0.8193314170854038,1228133.1209319734,1166726.4648853748,61406.656046598815,1875.0,17812.5,9825.912645700651,2394859.585817348,73.20636642418037,5625000.0,5625000.0,9078262.05116677,728463.2341806934,0.21386251858239533,0.04490226000007169
76,19000.0,16150.0,9500.0,3800000.0000000005,729.1325911576365,2312430.040611827,1919836.2558094147,4232266.296421241,2239495.6211976362,3408500.3992611105,0.8969737892792394,0.10302621072076061,391499.60073889035,1232,762239.329893633,0.8198980696138676,1230531.3453299724,1169004.7780634738,61526.567266498765,1900.0,18050.0,9964.48962679039,2399536.123393446,72.38419678411603,5700000.0,5700000.0,9199305.545182327,738176.0773031027,0.21656916263325754,0.053580612000018846
77,19250.0,16362.5,9625.0,3800000.0000000005,729.1325911576365,2312430.040611827,1919836.2558094147,4232266.296421241,2239495.6211976362,3410778.712439209,0.8975733453787391,0.10242665462126085,389221.2875607913,1224,759841.1054956339,0.8204647221423312,1232929.5697279717,1171283.0912415728,61646.478486398715,1925.0,18287.5,10102.032069217292,2404212.660969544,71.58338219963775,5775000.0,5775000.0,9320349.039197885,747888.920425512,0.21927219074574947,0.05129627399992387
78,19500.0,16575.0,9750.0,3800000.0000000005,729.1325911576365,2312430.040611827,1919836.2558094147,4232266.296421241,2239495.6211976362,3413057.0256173084,0.8981729014782389,0.10182709852176108,386942.9743826922,1218,757442.881097635,0.821031374670795,1235327.7941259705,1173561.404419672,61766.38970629867,1950.0,18525.0,10237.943107451598,2408889.198545642,70.80310132245381,5850000.0,5850000.0,9441392.53321344,757601.7635479212,0.22197161016109782,0.06131872699995711
79,19750.0,16787.5,9875.0,3800000.0000000005,729.1325911576365,2312430.040611827,1919836.2558094147,4232266.296421241,2239495.6211976362,3415335.338795407,0.8987724575777386,0.10122754242226134,384664.66120459314,1211,755044.6566996358,0.8215980271992588,1237726.0185239695,1175839.717597771,61886.30092619862,1975.0,18762.5,10373.937852553774,2413565.73612174,70.04257439152768,5925000.0,5925000.0,9562436.027228998,767314.6066703305,0.22466742810120757,0.05295104499998615
80,20000.0,17000.0,10000.0,3800000.0000000005,729.1325911576365,2312430.040611827,1919836.2558094147,4232266.296421241,2239495.6211976362,3417613.6519735064,0.8993720136772384,0.10062798632276157,382386.34802649403,1203,752646.4323016368,0.8221646797277226,1240124.2429219687,1178118.0307758702,62006.21214609857,2000.0,19000.0,10510.035754482602,2418242.273697839,69.30106063387471,6000000.0,6000000.0,9683479.521244556,777027.4497927398,0.22735965176872583,0.04727449799997885
