scenario_id,predicted_capacity_kwh,installed_n_modules,installed_capacity_kwh,reference_n_modules,reference_capacity_kwh,excess_capacity_kwh,undersized,oversized,lpsp_target,verified_lpsp,reliability_pass,reference_lpsp,verified_cost_eur,reference_cost_eur,cost_difference_eur,verified_curtailed_kwh,reference_curtailed_kwh,curtailed_difference_kwh
1,299.0159,20,307.2,21,322.56,-15.360000000000014,True,False,0.0016591151003624294,0.0017811996182488903,False,0.001322134349338804,21881.09298616355,22975.14763547173,-1094.054649308182,20001.86899497306,19988.157236682186,13.711758290875878
8,260.42636,17,261.12,16,245.76,15.360000000000014,False,True,0.0072644491174364,0.006534874444028161,True,0.006941658260161618,18598.929038239017,17504.87438893084,1094.0546493081783,21897.63164836683,21912.443287195783,-14.81163882895271
13,107.36357,7,107.52,11,168.95999999999998,-61.43999999999998,True,False,0.0018765784311054468,0.004611188736378495,False,0.0015142301268134058,7658.382545157243,12034.601142389953,-4376.21859723271,29497.686330180473,29427.444175335153,70.24215484532033
24,220.09277,15,230.39999999999998,16,245.76,-15.360000000000014,True,False,0.0025199859508759914,0.0028415345214992836,False,0.002297425009256646,16410.81973962266,17504.87438893084,-1094.0546493081783,20358.72482216366,20346.76943712797,11.955385035689687
35,170.96558,12,184.32,10,153.6,30.72,False,True,0.005459263866799957,0.003872414696094402,True,0.004889154063471021,13128.655791698131,10940.546493081774,2188.1092986163567,23539.554446506012,23566.85683481998,-27.30238831396855
65,141.78644,10,153.6,9,138.24,15.359999999999985,False,True,0.005552725181343199,0.004216436762772107,True,0.005283123693905882,10940.546493081774,9846.491843773598,1094.0546493081765,25143.550842179124,25170.598184859664,-27.04734268054017
69,299.99683,20,307.2,26,399.36,-92.16000000000003,True,False,0.0010871050210635724,0.0030408157110427495,False,0.0009079601606181303,21881.09298616355,28445.42088201261,-6564.327895849063,30029.15014564889,29952.128420247234,77.02172540165702
85,87.81829,6,92.16,7,107.52,-15.36,True,False,0.008311656862544425,0.009783302071061668,False,0.006340137504975228,6564.3278958490655,7658.382545157243,-1094.0546493081774,23478.016594601788,23396.583888508874,81.43270609291358
93,359.09808,24,368.64,15,230.39999999999998,138.24,False,True,0.007002152550904417,0.0026048731008167115,True,0.006900026057342869,26257.311583396262,16410.81973962266,9846.491843773601,18315.59964917797,18457.36612242006,-141.76647324208898
