scenario_id,annual_load_kwh,peak_load_kw,mean_load_kw,std_load_kw,load_factor,peak_to_average_ratio,daytime_load_share,nighttime_load_share,seasonal_load_variability,monthly_max_load_kwh,monthly_min_load_kwh,pv_capacity_kwp,wind_capacity_kw,annual_pv_kwh,annual_wind_kwh,total_renewable_kwh,pv_capacity_factor,wind_capacity_factor,renewable_to_load_ratio,monthly_renewable_variability,daily_renewable_variability,max_positive_net_load_kw,mean_positive_net_load_kw,std_net_load_kw,total_deficit_energy_kwh,total_surplus_energy_kwh,max_consecutive_deficit_hours,max_cumulative_deficit_event_kwh,n_deficit_hours,n_surplus_hours,net_load_q10_kw,net_load_q50_kw,net_load_q90_kw,worst_monthly_renewable_to_load_ratio,reliability_target_load_served,round_trip_efficiency,usable_soc_window_fraction,optimal_capacity_kwh
1,28015.437515822683,7.006534162446823,3.1981093054592105,1.285373580948688,0.45644668695119384,2.1908363640000004,0.6008350504119225,0.3991649495880775,0.11340619708291647,2675.105830955109,1993.9642395775534,33.58192915830861,7.562272653510917,43142.145448539486,5689.415801096002,48831.56124963549,0.14665335112961866,0.08588379702513112,1.7430233321202349,0.10418591998287946,0.3778432771759642,6.787567086564766,2.5460254504854323,7.489932386266334,13112.031069999977,33928.15480381278,43,122.37796653955579,5150,3610,-15.180545222155065,1.0602091650313379,4.346251222536963,1.3368575183477525,0.9983408848996376,0.9379478608072598,0.864552322654166,322.56
6,10294.490790040218,2.622676332086586,1.1751701815114404,0.47285178532138405,0.44808052260740916,2.231741728430721,0.601667323644757,0.39833267635524305,0.11164071735465929,981.529922885332,733.487959624958,14.192574508279296,8.998164049502167,18232.964248092598,6769.697294678177,25002.661542770773,0.14665335112961866,0.08588379702513112,2.4287419409768685,0.1606594203242846,0.44653500631883286,2.548924027044819,0.9223256118799509,3.5861543919217977,3964.155479860028,18672.32623259058,37,35.272661264266674,4298,4462,-7.380353319316946,-0.05529775055808511,1.505721285585242,2.004529190725254,0.9959836577093284,0.9434648840763702,0.8561458062043936,61.44
7,15591.879925106294,4.031468710300416,1.7798949686194399,0.7188046743875619,0.4415003802638483,2.265003711666981,0.6013486650964325,0.3986513349035677,0.11380115285083205,1491.138795067119,1108.6025435140634,23.7674732661502,16.374823919057874,30533.677316713456,12319.468791170864,42853.14610788432,0.14665335112961866,0.08588379702513112,2.7484271501399586,0.16830632912402774,0.4594681554868278,3.9738378187553325,1.389229310478297,6.116958965384255,5744.463198827758,33005.729381605786,36,49.860792988876106,4135,4625,-12.727187565667371,-0.3196861426687657,2.246748381009447,2.2428168965603046,0.9960156266561142,0.922398658552882,0.8130472212962377,76.8
8,32143.176026319838,8.181619668937845,3.669312331771671,1.472491734319002,0.44848238860362827,2.229741959575154,0.6021630442559838,0.39783695574401623,0.11251366133037341,3062.572330765442,2296.0371663492933,32.94996572248077,17.694366400011816,42330.27254099695,13312.216102109373,55642.48864310632,0.14665335112961866,0.0858837970251311,1.731082472918809,0.146785920526744,0.4245907195673106,7.958322488641256,2.8504748061424556,8.084090568256281,13853.307557852335,37352.620174638825,40,125.10510383862623,4860,3900,-15.76593807223445,0.8065811661277723,4.886066916629507,1.4036890712293826,0.9927355508825636,0.8827736051111146,0.7873434778464725,245.76
11,25240.8490438593,6.226819403982823,2.881375461627774,1.1596511314225433,0.462736314431213,2.1610579693300744,0.6017136563229326,0.39828634367706756,0.11194921566038184,2407.03758290751,1802.103098358337,30.88961125233208,13.923125511480611,39683.36944595212,10474.952955958808,50158.32240191093,0.14665335112961864,0.0858837970251311,1.9871883990413413,0.1342359422171297,0.4068239711839584,6.195733801197226,2.254243333019294,7.350538587636491,10651.299748516165,35568.773106567794,38,97.37727982695475,4725,4035,-14.940817514665556,0.5057641794242579,3.8224991727720052,1.592446439482896,0.99567254333807,0.9125631349498052,0.7175299838632202,168.95999999999998
13,20889.662473806355,5.257577939789176,2.3846646659596296,0.9604055670368326,0.45356715454707125,2.204745184863733,0.6016146333669459,0.3983853666330542,0.11276019202492003,1996.4579182474165,1488.577679952389,31.50670567476987,13.987230042875773,40476.14037947387,10523.181491288351,50999.32187076222,0.14665335112961866,0.0858837970251311,2.4413664861608226,0.1332488296128147,0.40552753788361934,5.022231515917826,1.8723045780508045,7.462962382342835,8356.095331840741,38465.75472879661,38,75.37758380783575,4463,4297,-15.779444015356972,0.13446426165225672,3.0902779397728897,1.9532047284562113,0.9981234215688946,0.921019866085025,0.7404726729590461,168.95999999999998
14,17070.91131756927,4.32450363245168,1.948734168672291,0.7853088000603621,0.4506260912925861,2.2191347090701683,0.6009247995599665,0.39907520044003375,0.11494782789601463,1634.190007617924,1213.788836097769,19.178698724519577,16.58439137883792,24638.555039123778,12477.135205977345,37115.69024510113,0.14665335112961864,0.08588379702513112,2.1742067283134383,0.19143484501167313,0.5014393197566507,4.1672135233793846,1.514860495725798,5.280453717289228,6600.247179877302,26645.026107409154,37,63.803461114063765,4357,4403,-10.167165294845143,-0.02182546683907033,2.492464801240357,1.7566281402323176,0.9968266757685168,0.9447516660355842,0.7864186079550207,122.88
15,14136.118708902064,3.516844577433424,1.613712181381514,0.6502804868843629,0.45885228813813356,2.1793505793719796,0.600998800885944,0.399001199114056,0.11432734038469165,1357.838880020036,1003.3188028696052,19.89583636998356,7.890483777320938,25559.849836137415,5936.342834734927,31496.19267087234,0.14665335112961866,0.08588379702513113,2.228065094773006,0.12641652115088656,0.3970291711705876,3.442633323885934,1.2686901210885164,4.6492435547178275,5872.766570518743,23232.84053248902,38,52.900133583797135,4629,4131,-9.74667602842664,0.2186139425197933,2.129667228404251,1.7669940654493654,0.991535336716832,0.9632608106539118,0.816212227940079,61.44
16,10912.154841187901,2.824285579480164,1.245679776391313,0.5003157867625496,0.44106013408905764,2.267264535402519,0.6014262300272885,0.39857376997271154,0.11328752214270511,1042.9806014840146,776.7514358736564,20.406094136045112,16.818309829628333,26215.36949541309,12653.121895570848,38868.49139098394,0.14665335112961866,0.0858837970251311,3.5619446348282113,0.18628969007899618,0.49177728036631396,2.663413238025999,0.9655083858593881,5.509482662764168,3632.2425476030185,31588.579097399055,20,23.49773127962481,3762,4998,-11.466116051133787,-0.6877475721795183,1.498192246475344,2.8737820699239247,0.994340730932486,0.9504461704525258,0.7165459999844876,46.08
18,10864.483195213215,2.6826233832411375,1.2402378076727414,0.4991004018446499,0.4623227454963469,2.1629911349622355,0.6024149451984058,0.39758505480159423,0.11295780655478829,1040.2047009379498,772.6415100673033,25.620172074146133,13.778229206100931,32913.80863883319,10365.941370801951,43279.750009635136,0.14665335112961866,0.0858837970251311,3.9835995170671135,0.14689909314836636,0.4247607494236589,2.6019595119189445,0.9662185091263358,6.243665193314968,3689.02226784435,36104.289082266274,21,23.30645703489221,3818,4942,-13.901134138331575,-0.6065852675359835,1.5198285069596584,3.22851647600483,0.998065446946558,0.892622418009875,0.8108072287078099,46.08
20,11496.50224704719,3.1919283503785967,1.312386101261095,0.5291200775428343,0.41115775706727,2.4321564723303735,0.6014368988435888,0.39856310115641136,0.11453203827471733,1096.9855948329896,818.2965769337505,37.48035535412824,9.604279817897616,48150.38869649582,7225.703681647247,55376.09237814307,0.14665335112961866,0.08588379702513112,4.816777415266986,0.10768762016315862,0.3795666866850374,3.0587378903538283,1.034664804683563,8.38054383617091,4127.277905882734,48006.86803697861,19,23.87392722536668,3989,4771,-19.327389837560517,-0.47041491265573665,1.6276138824035418,3.7055367310425145,0.993338300554762,0.9546810768819172,0.8616502944128603,30.72
21,21636.713525604748,5.459411240292947,2.469944466393236,0.9933108753243404,0.4524195664477368,2.2103376470909537,0.6010660772183979,0.398933922781602,0.11270439210294844,2061.491275241108,1537.9815691310735,19.51416678468146,24.0579879013949,25069.525272448285,18099.836223866587,43169.36149631487,0.14665335112961866,0.08588379702513112,1.9951903252417946,0.23296957162639118,0.5845116657434447,5.33994337709965,1.8970138574215778,6.176383283605685,8362.037083514315,29894.68505422444,41,83.95635218845405,4408,4352,-10.973440050052487,0.034355929879415104,3.1594990015739657,1.5029568826379958,0.9923036858151084,0.9642439213044068,0.7329215635164036,138.24
24,19638.823000227392,4.980775898536085,2.2418747717154557,0.9023869937327711,0.45010552921571356,2.2217012124744393,0.6014128175943316,0.39858718240566854,0.11321758058662669,1875.8886270010603,1401.9026297274413,17.87381547768594,23.736263010675582,22962.193250529777,17857.789056205347,40819.982306735124,0.14665335112961866,0.08588379702513112,2.078535068331869,0.24230602477751476,0.6041604263192761,4.980775898536085,1.7282179843034993,5.850591536946117,7446.891294363779,28628.05060087151,33,72.63663240561584,4309,4451,-10.302688487311668,-0.08180976523128486,2.8280185484734797,1.5421124690727435,0.997480014049124,0.8937955884962044,0.7358536616315478,245.76
25,17857.386628582928,4.575627718216641,2.038514455317686,0.8227230114836878,0.4455158026082158,2.2445892921095654,0.6020682365776122,0.39793176342238773,0.11328595216706512,1701.231942221223,1273.3943789513642,27.981483745625304,22.49124081674929,35947.34644126416,16921.106491665592,52868.45293292975,0.14665335112961864,0.08588379702513112,2.9605929485956994,0.18365846422337134,0.4869026485018924,4.39143337210884,1.5859110371932346,7.5050100297379965,6313.5118390662665,41324.57814341309,24,40.15645346182126,3981,4779,-15.382300683899421,-0.6290849187473946,2.506363856721533,2.401217013626987,0.9969966435441706,0.967464378345487,0.8001482372404685,76.8
27,17991.026066402304,4.588831751353468,2.053770098904373,0.8245920278883897,0.4475583787308429,2.2343453893897265,0.6022427605696824,0.3977572394303177,0.11156944410685461,1711.5417251573144,1286.3863096647028,30.827873069286596,16.62233218441805,39604.055429770364,12505.67966987917,52109.73509964954,0.14665335112961866,0.08588379702513112,2.896429303549445,0.14710329601935268,0.42506794841022916,4.588831751353468,1.604353681278073,7.52368922224845,6698.176619335954,40816.88565258318,37,57.754741594737474,4175,4585,-16.15686916384066,-0.2909252761089053,2.5839737889622434,2.3515404745035613,0.9964386641665424,0.9465085603523988,0.7262115503114626,92.16
29,10994.379655450251,2.7850877332612884,1.2550661707134991,0.5054374940646449,0.4506379299024232,2.2190764106708247,0.6003545878177678,0.3996454121822322,0.11319397139491663,1048.2932287870226,780.8542328249797,18.59338680646165,23.496168586240543,23886.614559987513,17677.155921865557,41563.77048185307,0.14665335112961866,0.08588379702513112,3.7804561771021463,0.23605337874001178,0.5909690478681211,2.707348045154877,0.9654468985346528,5.913732354397979,3425.405596000948,33994.79642240376,20,24.408967698984082,3548,5212,-11.605672708739936,-0.982451272946405,1.4715810712772646,2.832883448704482,0.9957057760051298,0.8895307663375678,0.7280679194127825,46.08
32,26502.86277094721,6.731515254965259,3.025440955587581,1.2141306590555847,0.4494442693799103,2.2249699643065446,0.6020579313750039,0.39794206862499615,0.11311717517203003,2535.0832405467136,1889.1811668989978,36.032168613280334,17.062143146774513,46289.927294300025,12836.567956162311,59126.495250462336,0.14665335112961866,0.0858837970251311,2.230947492784726,0.13755268559050532,0.41129546814533374,6.480525355274453,2.3659017340954867,8.619600224644559,10760.121086666273,43383.7535661814,38,98.25422548263118,4548,4212,-17.89866317192052,0.27321625935076077,3.950071836682945,1.7963315997130693,0.9938329387773616,0.9386737923021976,0.873498126350465,122.88
33,19466.494519903245,5.137422980989131,2.2222025707652104,0.8927157739749348,0.4325519971760939,2.3118607855898894,0.6016697330715564,0.39833026692844364,0.1130690766660501,1860.6084382455165,1392.1720862982916,23.616906462288995,9.956791259027163,30340.24664984259,7490.912866124144,37831.159515966734,0.14665335112961866,0.0858837970251311,1.9433986677615118,0.13001145460941874,0.4013933700457695,4.815804262770653,1.7395732999962026,5.568835646554078,8309.941654081858,26674.606650145346,38,75.3262783421843,4777,3983,-11.331170037419968,0.44613014163924014,2.951492521067832,1.5472905417792875,0.9973491188708152,0.8894750271868712,0.7133117713910356,199.68
34,14619.602546614195,3.823430879447971,1.6689044002984241,0.6706175536411175,0.43649393775346124,2.2909825624309494,0.6014781501551989,0.39852184984480116,0.11479488369535899,1402.5773161336404,1038.7902586372272,18.541602470138063,8.072267903841173,23820.088085016505,6073.106679309149,29893.194764325654,0.14665335112961864,0.08588379702513112,2.044733751756386,0.13200321398429432,0.403915118381468,3.6177286598524145,1.3080660529487107,4.388336711784504,6143.986250700094,21417.578468411553,38,55.843308642030635,4697,4063,-9.0112754170217,0.26375774692003784,2.203506771617639,1.636854838034287,0.9904985586824784,0.8957177323842267,0.7106763865254351,76.8
35,25745.218273281127,6.704072289958117,2.938951857680494,1.1807663299530677,0.4383830798010167,2.281109938033883,0.6014421814697226,0.39855781853027744,0.1134268707409553,2461.7709735515923,1834.853869002178,27.734314483329136,18.61429053599013,35629.81220390332,14004.313723399806,49634.125927303125,0.14665335112961864,0.0858837970251311,1.9278968777986378,0.16584989540786724,0.4552554679249755,6.513922912340659,2.2876268976111125,7.122341456761893,10536.809490396785,34425.717144418784,38,98.29445164195506,4606,4154,-13.961035382195655,0.34999895616480226,3.8301309902504523,1.5805250720876567,0.9945407361332,0.9587504448011148,0.8702263253644412,153.6
37,14066.87611614864,3.5296440707194807,1.6058077758160547,0.6452706610186302,0.4549489250593836,2.1980489345468217,0.6017941346657719,0.3982058653342281,0.11316798090188229,1341.16898741297,1001.7776062102971,21.20842415378715,15.475058974352743,27246.109515141594,11642.537777409943,38888.64729255154,0.14665335112961864,0.0858837970251311,2.764554615499012,0.1738498356789597,0.4691635187972447,3.419741794237461,1.250557173491499,5.538559611211398,5131.03608283562,29952.807259238518,36,45.395438745037495,4103,4657,-11.427001649981348,-0.3241629557081172,2.0045806077762367,2.2575689612678396,0.990467656798186,0.9632357682116256,0.7198226283159751,61.44
42,18096.183725028735,4.585974859968388,2.0657743978343306,0.8301942455050917,0.4504548020676612,2.2199785536969223,0.6013357422013343,0.39866425779866577,0.11232201210947657,1727.1781291669063,1294.2813114353069,18.644668425473853,19.697863246205817,23952.49520239586,14819.53105046555,38772.02625286141,0.14665335112961866,0.0858837970251311,2.1425526421483014,0.21420074278454238,0.5459883077005451,4.505688967394243,1.5907122428934606,5.514699188610459,6895.7375729431515,27571.580100775827,37,64.92272340055739,4335,4425,-10.244058032263807,-0.08078273814144149,2.6292234145800886,1.6840227830582355,0.997746471614933,0.8918892553571389,0.8228759481083839,184.32
43,13379.728752940811,3.4398701069412834,1.5273662959978096,0.6144427670332855,0.44401859620098755,2.2521579243661773,0.6018421193195711,0.398157880680429,0.11361116797377735,1278.8849759213429,952.9713680402554,12.852872446898038,19.51431256542854,16511.871307977257,14681.438152819059,31193.309460796314,0.14665335112961866,0.08588379702513112,2.331385787917423,0.25949033684358064,0.6410279848581235,3.3949378283846845,1.1718416860624972,4.5010996711975,4833.846955007801,22647.427662863305,32,48.23852705100801,4125,4635,-7.866309822031688,-0.2373742129181367,1.8846049290864644,1.664687870431405,0.9912366713703402,0.9662992221318172,0.8601768352170194,61.44
46,33983.73766090449,8.789269318799878,3.879422107409188,1.5636667343875708,0.44138164012237824,2.265613041182996,0.6013932988358912,0.3986067011641089,0.11163046863005771,3240.7416304075978,2426.3786791017183,33.977341495362,14.843064311508584,43650.1250966677,11167.0616096306,54817.18670629831,0.14665335112961866,0.08588379702513112,1.6130417216985817,0.13221954675839814,0.40419324070237556,8.76151239771196,3.021286956380753,8.085463435566298,15242.3926949409,36075.84174033471,43,143.74576592538597,5045,3715,-15.708676085828019,1.0638282935656869,5.231917781876698,1.2886397346400087,0.99107760229651,0.89053932093101,0.7175418023821536,291.84
48,22577.599208170515,5.858888507093742,2.5773515077820224,1.0390924390118372,0.43990451510750767,2.273220586871247,0.6014650529201592,0.3985349470798407,0.11321472008642113,2156.6319964511067,1607.380601126516,18.11604822730527,12.28384035544108,23273.385632218524,9241.64978155615,32515.035413774676,0.14665335112961864,0.08588379702513112,1.4401458327778245,0.1668046222804625,0.45688646474125577,5.6511746933302,1.9917310654213922,4.702490871657389,10098.07650168646,20035.512707290618,41,94.46389090773967,5070,3690,-8.407757525571945,0.7169009072693384,3.4454894548486448,1.1778198438920102,0.9913300503528796,0.964251471703817,0.7875808074397507,245.76
50,10492.107435544114,2.680050579218678,1.1977291593086887,0.4821604025087459,0.4469054310377477,2.2376098622877003,0.6014912185770163,0.3985087814229838,0.11321811360501437,1002.4871986499226,748.6543483432499,27.64773999907662,18.721927302108977,35518.59140493888,14085.293389962231,49603.88479490111,0.14665335112961866,0.08588379702513112,4.72773321276315,0.16667961071636067,0.45667244126934275,2.553191427122829,0.9293440584297092,7.072829188053061,3275.937805964725,42387.71516532172,19,21.609897801860903,3525,5235,-15.652488719860171,-1.0485648671322134,1.3955564165861805,3.865844242096703,0.9974285956007668,0.906582312280968,0.7917096163597102,30.72
52,14256.781274855315,3.749918681443923,1.6274864469012917,0.6542902747732078,0.4340057972336138,2.3041166877817685,0.6008028801373078,0.3991971198626923,0.11283905208196683,1363.8516033824378,1017.5136212317369,18.51725313592117,21.737931593218764,23788.806900620926,16354.360277156105,40143.16717777703,0.14665335112961866,0.08588379702513112,2.8157244194085753,0.22691778926732956,0.5719387816779687,3.709268176993864,1.2598341862643911,5.705278434887177,4934.770507597619,30821.156410519336,32,47.88467577931827,3917,4843,-10.913889842772958,-0.5661405655906626,1.9974994544931548,2.1591262880583817,0.9959911626249588,0.9385112514002916,0.7180881453968265,76.8
53,19633.12232164588,5.255447560622369,2.2412240093203057,0.9038743994019626,0.42645730615089456,2.344900616255751,0.6016195018035793,0.39838049819642063,0.11307362668662958,1878.6958735865476,1395.5138617396885,36.91100196689876,5.5799900640893885,47418.949876299404,4198.061230422552,51617.011106721955,0.14665335112961866,0.08588379702513112,2.6290780580434348,0.09760931839203785,0.3779592413720571,5.088827242179444,1.7909229045174029,8.051630693405267,8698.512547241025,40682.4013323171,43,77.86029105370515,4857,3903,-17.543295350403266,0.5891110122193691,3.036438151227695,1.98861026320585,0.99699091146623,0.8978383804491608,0.882127645426177,107.52
54,10217.193365148018,2.658404423820278,1.166346274560276,0.46975055154000295,0.43873921669306065,2.2792582973032793,0.601954559755908,0.398045440244092,0.11304708710997953,977.4145182040456,727.7204152325198,29.688071179824703,5.723254209893924,38139.77091336047,4305.84487327923,42445.615786639704,0.14665335112961866,0.0858837970251311,4.154332238775711,0.10095314875158927,0.377109765952487,2.6055661806002437,0.9227636243847588,6.532298474690883,3959.578712235,36188.001133726684,21,22.016359120789023,4291,4469,-14.903158509910993,-0.07430251968483992,1.5006026796142748,3.180090228378514,0.9954533265988296,0.9521333629773474,0.7477105641254777,30.72
56,14996.947172225719,3.771183199646107,1.7119802708020226,0.6888299080688675,0.4539636979085708,2.2028193104581724,0.6013423139068834,0.3986576860931167,0.11355768907997608,1433.9878280449063,1070.806933561086,11.204538986411992,9.035642214381108,14394.284746325267,6797.893694520932,21192.178440846197,0.14665335112961866,0.0858837970251311,1.4130994926816853,0.18400036808110004,0.4875334256565206,3.6474326371863226,1.323756977704084,3.049973925406316,6659.821354829247,12855.052623449728,41,63.27474080753334,5031,3729,-5.299235434258309,0.46143605677515764,2.2868019854427715,1.1413434690750064,0.9967066931549596,0.936701066011876,0.870226219952387,276.48
57,17721.659634756168,4.5444999108572235,2.0230205062507043,0.8114222126502036,0.4451580032860215,2.2463933987894253,0.6020744967082239,0.397925503291776,0.1132410939037332,1694.7044846175718,1264.9377290114974,14.656389773232728,19.692421838703236,18828.819999188512,14815.437250725205,33644.25724991372,0.14665335112961864,0.08588379702513112,1.8984823060211442,0.24378895348587992,0.6073075496094525,4.367330024728525,1.556350384918189,4.834193908679013,6916.4211105764325,22839.018725733986,41,70.9949513633015,4444,4316,-8.300140283261943,0.07268680531401456,2.5782468264734413,1.4021402584985332,0.9963891422755318,0.9682184306408812,0.8223087211954139,199.68
58,11694.022063206685,3.0487930599765,1.3349340254802151,0.5381592505284903,0.43785655478056773,2.2838529858280894,0.6014090018336509,0.3985909981663491,0.1129148600186361,1117.0883684979449,833.6586591027711,11.635009449738869,17.326179398550657,14947.302985765913,13035.213534250524,27982.516520016437,0.14665335112961866,0.08588379702513112,2.3928906896848448,0.25697946248696274,0.635589397043698,2.9740475966503315,1.0257883264288028,4.031586585274733,4194.448466767375,20482.942923577128,32,42.763482037324806,4089,4671,-7.122836208622955,-0.23556620601644251,1.6488112415805338,1.718431347499002,0.9963862045659057,0.8955815061780253,0.7183442011648395,92.16
60,33120.68863230169,8.373175249075574,3.7809005288015625,1.5186772122805519,0.451549193266794,2.214598132188797,0.6014366109349699,0.39856338906503014,0.1126501216043302,3165.454604324312,2366.855716773925,38.38073360674285,11.02685265029436,49307.089651640046,8295.96505963265,57603.05471127269,0.14665335112961866,0.0858837970251311,1.7391865051710922,0.1114977201171443,0.38218033697738374,8.373175249075574,2.985832409665852,8.708507504956163,15144.141981825202,39626.508060796215,44,138.88753230937755,5072,3688,-17.57444373898124,1.1612864148462956,5.157765672460688,1.3544560453839969,0.9958430983972076,0.9646534968725966,0.7296877979840115,307.2
65,22578.027669768053,5.667910096589462,2.5774004189232937,1.0379884620771822,0.45473558595683916,2.1990801487326617,0.6014250655018099,0.3985749344981901,0.112999230846134,2158.775364476949,1611.1875632322938,25.608253442217077,20.997408215276728,32898.49697076889,15797.233392080308,48695.73036284919,0.14665335112961866,0.08588379702513112,2.156775209734228,0.18574576133701656,0.4907658006762193,5.501937485123539,2.0094032375383866,6.934833091939461,8785.110954517826,34902.813647598974,38,82.23394965942,4372,4388,-13.423452608661655,-0.016621495681044637,3.307958455211918,1.7400871033296372,0.9944472748186568,0.8904271051901742,0.7144118294145887,138.24
66,21224.45744534624,5.503176116868367,2.422883270016694,0.9755408353666505,0.4402699856524777,2.271333573916027,0.601078882707254,0.39892111729274615,0.11277833647254196,2027.7235728458359,1511.1899256647955,35.25979633118389,6.111358338137558,45297.67347893573,4597.831933369531,49895.50541230526,0.14665335112961866,0.08588379702513113,2.3508495112672736,0.09926359726178009,0.37724261391162744,5.376717277104775,1.9383353534791552,7.737408394795523,9517.226585582652,38188.27455254167,43,87.26202013836836,4910,3850,-16.550289282438307,0.6833094601356222,3.2816085312772274,1.7850869975266739,0.9915569500067244,0.908250403282179,0.8485385133450172,92.16
68,10429.10579902705,2.7400342476599957,1.1905371916697545,0.47856337280248173,0.4344971938531351,2.3015108363116634,0.6011742642607708,0.39882573573922897,0.1142880436729286,998.6831685818669,740.88372639144,21.635250854909494,17.81777269172319,27794.44667392524,13405.059846071896,41199.506519997136,0.1466533511296187,0.08588379702513112,3.9504351872468986,0.18620910452221495,0.49162730177899244,2.5726522785829022,0.9231623280536256,5.837951017933517,3357.5413871310366,34127.942108101124,20,22.211775483374833,3637,5123,-12.318861285631964,-0.830598947585548,1.403561986593659,3.186524368595294,0.9947257947267052,0.8947376173832466,0.7331813735753067,30.72
69,32238.777121137933,8.073208669338062,3.680225698760038,1.4769454869651415,0.4558566301819357,2.1936721631116622,0.6019231089074335,0.39807689109256655,0.11295997940250238,3083.1239237287405,2295.7237379724947,35.08912871650713,24.78266005367211,45078.41963497012,18645.03756514143,63723.45720011155,0.14665335112961866,0.08588379702513112,1.9766090060013513,0.17067787294774156,0.4635847260896212,8.064336752201587,2.8603814263671103,9.11910437847243,13029.037397102187,44513.7174760758,38,119.55739413364871,4555,4205,-17.762927211308238,0.34169853839716735,4.766018451862491,1.6104344698681896,0.9989128949789364,0.8927436299711897,0.7896491226508702,399.36
71,19314.09139774825,4.957842957062898,2.20480495408085,0.8846484812417226,0.4447105269721997,2.2486537631759576,0.6010246081824636,0.3989753918175363,0.11312339235894762,1841.1601751741418,1373.3362098674318,37.213108664686445,5.892981779485577,47807.06132265178,4433.538062953905,52240.59938560569,0.14665335112961866,0.08588379702513112,2.704791973372157,0.09811216772043296,0.3776585896898511,4.9278697782267376,1.7644419948557697,8.128547271943638,8471.08601730255,41397.59400515999,43,78.30439456778798,4801,3959,-17.7753385225061,0.5473287338102981,2.9491198682843995,2.035146880727939,0.9944117778816144,0.9327800655713316,0.7986579951701334,92.16
75,25942.10026806163,6.719068968702183,2.961426971239912,1.1909635757803696,0.4407496016240363,2.26886194863316,0.6015038448194726,0.39849615518052744,0.11267965075702377,2476.061010948757,1842.904740869025,25.94233123013733,7.099594317921412,33327.681144484406,5341.323428083557,38669.00457256797,0.14665335112961864,0.0858837970251311,1.4905888179059636,0.1097917956296439,0.38092983912987405,6.453638099729488,2.3284998053495163,5.8829337816799265,12394.604463875476,25121.508768381813,65,177.23910136206268,5323,3437,-11.40687478491796,1.0313448970025394,4.073624925504853,1.1575297155995454,0.9956774901632828,0.8959755924193271,0.767771127121921,384.0
79,14954.790994568839,3.859368355976387,1.7071679217544338,0.6875250867195573,0.4423438667394408,2.2606846736026798,0.6014371718608698,0.39856282813913013,0.11403854871318447,1431.21382724716,1063.8288602387747,32.49950613805806,11.929857226260976,41751.574610385505,8975.333384256764,50726.90799464227,0.14665335112961864,0.08588379702513112,3.3920171811872772,0.12223216370601951,0.39228372275952417,3.7468717758089203,1.34423731876476,7.502109856452581,5597.404195336461,41369.5211954099,21,33.45370735518043,4164,4596,-16.658305659154525,-0.24117361420570604,2.1501748504956826,2.677650128034303,0.9969960881477626,0.9240729767635216,0.8971080338989852,61.44
80,26463.04008776239,6.851686487740136,3.0208949871874875,1.2168468649782433,0.4408980172389436,2.2680982016257345,0.6014177953339761,0.39858220466602395,0.11331134460667311,2528.882137617837,1883.8417629250125,23.949203685809596,24.558339581476805,30767.143362109775,18476.271838554625,49243.4152006644,0.14665335112961864,0.08588379702513112,1.8608374184278473,0.21068636968736695,0.5389401947392382,6.697832351779052,2.3356866171095945,7.01932941867855,10587.667435357791,33368.04254825979,38,99.71681067977435,4533,4227,-12.702880233741642,0.27202977696242536,3.903962128404336,1.4764153575791548,0.9907633734508065,0.9299915539123988,0.8604119573971448,153.6
81,11478.829088046969,2.953365164718721,1.31036861735696,0.5273693195875895,0.44368662331728953,2.2538430221838786,0.6014547526410169,0.398545247358983,0.11212598010206869,1093.7949253451113,819.6400962139884,37.74105001659666,21.451661812348632,48485.29879033979,16138.987479945114,64624.2862702849,0.1466533511296187,0.0858837970251311,5.629867452036453,0.15131744090948174,0.4315209239701549,2.953365164718721,1.0135750045208052,9.293756190563863,3477.5758405108822,56623.0330227488,17,23.299603321971343,3431,5329,-21.111651320613273,-1.4146978046447956,1.510948475361647,4.573844762635909,0.9904382862508246,0.8898354062003102,0.8350611257334968,30.72
83,10180.004997586364,2.6811227520430867,1.1621010271217311,0.4672036321785094,0.4334382027962648,2.3071339663846944,0.6016093936470972,0.39839060635290274,0.11315204259250411,973.341793427564,724.8658015669102,28.65693320125737,22.162506092496464,36815.085114663336,16673.785531389894,53488.87064605323,0.1466533511296187,0.08588379702513112,5.254306914263324,0.1796792910070515,0.4796213153459985,2.5741212157058277,0.8957303979762865,7.588078693527841,3011.445597996276,46320.31124646314,17,21.00024262225497,3362,5398,-16.543984727293424,-1.351053571930635,1.3158608178974025,4.258670294192221,0.9960955865942795,0.8826646560215752,0.7802711115106775,30.72
84,19506.33453442389,4.90658155883938,2.226750517628298,0.8958511543699713,0.45382930884267647,2.2034716148018947,0.6011873763432193,0.39881262365678066,0.11297041746674909,1865.792839004692,1390.2103657405228,36.8690464415109,18.43225617711717,47365.05031114577,13867.361618501373,61232.41192964715,0.14665335112961864,0.08588379702513112,3.1391039573112507,0.14140017449870443,0.4166918425161979,4.776195490341974,1.7430737630273958,8.879779052072811,7176.234682383789,48902.31207760704,37,62.480213277069026,4117,4643,-19.410151613218964,-0.4307816304172829,2.8008794966021346,2.5325224780955824,0.9931322828106856,0.9568010204029652,0.7597887302237811,76.8
85,20993.00203020268,5.529806905838478,2.3964614189729083,0.9646202046605562,0.43337162757757014,2.307488391867573,0.6013202705285999,0.3986797294714001,0.1132487590920083,2006.8860584469862,1495.9889595460227,27.70960752649447,12.93880135495668,35598.07158768299,9734.404490422097,45332.476078105086,0.14665335112961864,0.08588379702513112,2.1594089312660074,0.13659396125336942,0.40998515575999667,5.3371918661207856,1.8848860040824607,6.620722755751968,8632.77789869767,32972.25194660008,38,79.0114127148012,4580,4180,-13.680693044167741,0.27907223580558305,3.144663365657524,1.7354149097859144,0.9916883431374556,0.8876330432112187,0.768385387709132,107.52
86,33808.51361653487,8.882387796176168,3.8594193626181355,1.5490048477700724,0.4345024616330757,2.3014829334717786,0.6012380399507743,0.3987619600492259,0.11304094327417538,3240.2150557425402,2408.2011169665407,39.92740111788751,19.01762020241317,51294.06766031185,14307.75559627815,65601.82325659,0.14665335112961866,0.0858837970251311,1.9403935943668889,0.13795761761366204,0.41185312295350407,8.682774541463248,3.013123146775739,9.580979813884166,14270.151223129898,46063.46086318503,39,127.64266814526218,4736,4024,-19.29080621736177,0.6638058660625105,5.109565758762705,1.5649412208397133,0.99823768884257,0.9247224936517314,0.7268733826626123,368.64
87,18079.161507551267,4.503195851780804,2.063831222323204,0.8304987950351037,0.4583036781549385,2.1819593594052074,0.6014227453933442,0.3985772546066558,0.1136016890406562,1724.935146870913,1287.2479757583453,20.961353895974003,6.3433333769553375,26928.702467192248,4772.356512392344,31701.05897958459,0.1466533511296187,0.0858837970251311,1.7534584757342733,0.11346858833655107,0.3837663089458057,4.443379267371162,1.629685870745296,4.776829833763511,8215.246474427036,21837.14394646036,44,76.21344005995613,5041,3719,-9.648918077944492,0.6052690850794438,2.7957474337941295,1.362194987251254,0.9940795192485016,0.9371086238456616,0.7686584924757816,138.24
90,16217.662563336899,4.311334052516148,1.851331342846678,0.7452717145364962,0.4294103217926753,2.3287749484578355,0.6013881543888522,0.3986118456111477,0.11241423211996805,1544.0813137882903,1153.9875365997627,17.241161848799887,11.449846943373306,22149.433663453005,8614.20145827658,30763.635121729585,0.14665335112961866,0.08588379702513112,1.8969216433986371,0.16486924738943307,0.4535887141684186,4.200573624152342,1.4397668857352297,4.416700260243938,6669.000214725584,21214.97277311827,38,60.750807984760776,4632,4128,-8.638563559855573,0.239594193073501,2.413205735730165,1.5585089476312262,0.992549222399251,0.9305340454972946,0.8583948850282748,92.16
91,29050.29234346903,7.388505303505754,3.3162434182042273,1.331728173248201,0.44883819960590826,2.227974358862562,0.6014614863078851,0.39853851369211474,0.1123939585159257,2778.6019377770717,2079.452113341729,33.51472328127141,13.767725171683855,43055.80717689144,10358.038743889918,53413.84592078136,0.14665335112961866,0.08588379702513112,1.8386681032072176,0.1284545363493019,0.3994727154172631,7.388505303505754,2.6022742173508386,7.883726195690707,12639.24587367302,37002.799450985345,38,115.56678735110725,4857,3903,-15.862975214681551,0.771187876371578,4.424901484995644,1.4658786785631877,0.9960713772928113,0.9533174598806096,0.8805107938438463,215.04
92,22082.862751345536,5.666633208530399,2.520874743304285,1.0132633120160186,0.44486287545652803,2.247883685447517,0.6016998848300783,0.3983001151699217,0.11358484142562472,2116.3712605044593,1575.0109352418576,30.945691768297404,9.14041083049624,39755.415151402805,6876.715531195606,46632.130682598414,0.14665335112961866,0.08588379702513109,2.1116886523128464,0.11252901445557413,0.3829924328201335,5.477180299195884,1.9877256648832324,7.014833789608623,9586.800881731831,34136.06881298471,43,86.88518995080523,4823,3937,-14.693026388437795,0.5859941049190032,3.379373047697911,1.6411421562249056,0.9937494866976224,0.8801494636907321,0.7224140741997395,138.24
93,30326.694232515005,7.6948165354572,3.4619513964058224,1.3923900145372181,0.4499069445585066,2.222681850313067,0.6011806139270808,0.3988193860729194,0.11316561768746808,2896.4361774133085,2155.821770828522,35.88293691222634,5.024661250238163,46098.21181178399,3780.2640055549437,49878.475817338935,0.14665335112961866,0.0858837970251311,1.6447053356663361,0.09689739631219581,0.37855950579594533,7.498722129386137,2.791360245438989,7.846461407375481,14964.482275798422,34516.263860622355,65,210.6458213073406,5361,3399,-15.676485908886642,1.3013090249918298,4.830816728431467,1.236579212890562,0.9929978474490956,0.9188194318131804,0.8561162275053169,230.4
94,22899.617638709195,6.082402331287927,2.6141116025923736,1.0494526664827468,0.429782750336222,2.3267569468939673,0.6015965901010127,0.3984034098989872,0.11290296230558684,2188.1346468846746,1637.2598180885673,35.236111186448696,10.206970868305,45267.24556771245,7679.133509223612,52946.379076936064,0.1466533511296187,0.08588379702513112,2.31210756058373,0.11179930923382723,0.38241364175107917,5.981573569681619,2.0639423810624264,7.9699581170203295,9752.127750519965,39798.889188746834,43,91.28586021308071,4725,4035,-16.958076493399155,0.5103091952144911,3.464860145791496,1.794610950082207,0.9943187706049595,0.9414932521892933,0.7456505750926841,122.88
95,11942.771593878322,3.068309687951509,1.3633300906253791,0.54821180567744,0.4443261043625545,2.2505992562256374,0.6014246972386138,0.39857530276138603,0.11377683856170255,1141.537630379171,851.5712113367882,19.922072261646,23.607692351783008,25593.55464948323,17761.059941589105,43354.614591072335,0.14665335112961866,0.08588379702513113,3.6301970819985567,0.2280714560001974,0.5743250947206725,3.068309687951509,1.0545299654095635,6.154523610899073,3794.1988155436093,35206.04181273762,20,26.717352460535952,3598,5162,-12.168271896879569,-0.9655446935798877,1.6050228447319255,2.7922511996703636,0.996404022374371,0.8935408610401727,0.7094748040010963,61.44
96,10370.391272844934,2.7295359551967455,1.1838346201877779,0.4780687176257513,0.4337127774169389,2.3056733674200127,0.6016560949640601,0.3983439050359399,0.11398313485908568,990.5813978129037,734.2234107682508,14.146161149155922,23.37646387061366,18173.3377781356,17587.097029286866,35760.43480742247,0.14665335112961866,0.0858837970251311,3.448320691723739,0.2705342979939664,0.6651381710235279,2.6858213522445737,0.9144896975142462,5.177603800678089,3251.010874663145,28641.054409240678,21,23.38770887346513,3555,5205,-9.452708871727244,-0.7772141483095105,1.3958054023866557,2.397681656905008,0.9902815516161148,0.8899566520805983,0.8240298573256593,30.72
98,13124.335723214557,3.3219506054348877,1.498211840549607,0.6037604287795575,0.45100364770579454,2.2172769667981376,0.6012722437559403,0.39872775624405954,0.11305719076317595,1251.7215119777943,939.4741106861496,22.420782813677093,11.352712687271234,28803.606506877928,8541.123271755725,37344.72977863366,0.14665335112961866,0.08588379702513112,2.8454567580572965,0.14233308774783573,0.4180322171725457,3.257635871126942,1.1752700838817527,5.415552318748061,4958.464483897114,29178.85853931621,37,43.736091295255875,4219,4541,-11.658246228566345,-0.15632722832322288,1.8940978607070258,2.294008263482127,0.9931183078986646,0.8817130733035738,0.7330975515163549,61.44
99,16917.757457683118,4.437328007979149,1.9312508513336892,0.7771629081951485,0.43522832836809394,2.29764455762689,0.6017674545317392,0.39823254546826103,0.11364263212389636,1617.5602812775955,1201.301263170107,14.311559843666023,18.86190853859403,18385.822728059564,14190.607162052327,32576.42989011189,0.14665335112961866,0.08588379702513112,1.9255761274268335,0.24134521734388525,0.6021250840734382,4.276035237189585,1.48782545451726,4.675650856745692,6585.115461693393,22243.787894122164,36,63.48201876468352,4426,4334,-8.094956152840329,0.044450682970978206,2.456279118812448,1.426670847591016,0.9989259702833584,0.8803606844260006,0.7033159603795114,307.2
