scenario_id,location,timezone,weather_year,random_seed,pv_capacity_kwp,wind_capacity_kw,annual_load_kwh,peak_load_kw,reliability_target_load_served,round_trip_efficiency,usable_soc_window_fraction,feasible,optimal_n_modules,optimal_capacity_kwh,reference_lpsp,reference_annualized_cost,infeasibility_reason,mechanistic_optimization_runtime_seconds,annual_pv_kwh,annual_wind_kwh,annual_renewable_kwh
0,jinan,Asia/Shanghai,2023,4200126,919.2574508279295,559.834764455195,1239020.0296803291,1076.2705963772453,0.9959836577093283,0.9434648840763702,0.8561458062043936,True,64.0,16000.0,0.003874679867386318,621621.9598341917,,3.9747976749999907,1180954.7468615298,741235.2262507636,1922189.9731122935
1,jinan,Asia/Shanghai,2023,4200127,1417.8698724519575,1242.5952240954127,2136895.7495779283,1149.4449982969943,0.9968266757685169,0.9447516660355842,0.7864186079550207,False,,,,,"No feasible battery size was found within the tested range for the selected fixed PV and wind capacities. Battery-range inadequacy: annual renewable production is sufficient overall, but no module count within the tested range (0..n_max) achieved the reliability target. Consider increasing candidate_module_counts.max and re-running.",3.8461593699998957,1821513.8259646476,1645227.1465613777,3466740.972526025
2,jinan,Asia/Shanghai,2023,4200128,1489.5836369983558,460.1435399588844,1748035.7289295238,867.0268007865976,0.9915353367168319,0.9632608106539118,0.816212227940079,True,62.0,15500.0,0.00838091746975466,602196.2735893733,,4.113334327000075,1913643.3056660115,609241.5523376238,2522884.8580036354
3,jinan,Asia/Shanghai,2023,4200129,1540.6094136045112,1263.6478846665502,1320860.5164573968,1256.4871739035175,0.9943407309324861,0.9504461704525258,0.7165459999844876,True,22.0,5500.0,0.00539208499179736,213682.5486930034,,3.953322305000029,1979195.2715935796,1673101.3955584257,3652296.6671520052
4,jinan,Asia/Shanghai,2023,4200130,2062.017207414613,990.0406285490841,1314544.0233657514,1117.6065204040756,0.9980654469465579,0.892622418009875,0.8108072287078099,True,24.0,6000.0,0.0019322876826417808,233108.23493782192,,3.98618607100002,2649039.1859355886,1310838.5471812917,3959877.73311688
5,jinan,Asia/Shanghai,2023,4200131,825.7272234063307,1410.032167471661,2690539.054346744,942.3937664264969,0.996542951528582,0.9491782742725892,0.7215481891911792,False,,,,,"No feasible battery size was found within the tested range for the selected fixed PV and wind capacities. Battery-range inadequacy: annual renewable production is sufficient overall, but no module count within the tested range (0..n_max) achieved the reliability target. Consider increasing candidate_module_counts.max and re-running.",4.4101713289999225,1060798.020419885,1866917.84618595,2927715.866605835
6,jinan,Asia/Shanghai,2023,4200132,3248.0355354128237,614.3851836107855,1398286.5477337528,832.5950928610575,0.9933383005547619,0.9546810768819172,0.8616502944128603,True,14.0,3500.0,0.005838546427697342,135979.80371372943,,4.19068158999994,4172697.1917018513,813461.3451918003,4986158.536893652
7,jinan,Asia/Shanghai,2023,4200133,1451.416678468146,1915.218911125541,2741864.5421426287,790.8099856933003,0.9923036858151084,0.9642439213044067,0.7329215635164036,False,,,,,"No feasible battery size was found within the tested range for the selected fixed PV and wind capacities. Battery-range inadequacy: annual renewable production is sufficient overall, but no module count within the tested range (0..n_max) achieved the reliability target. Consider increasing candidate_module_counts.max and re-running.",4.159522358000004,1864610.8492970988,2535797.726476305,4400408.575773404
8,jinan,Asia/Shanghai,2023,4200134,2298.1483745625305,1774.211673507436,2241103.728287238,575.8398565450996,0.9969966435441706,0.967464378345487,0.8001482372404685,True,48.0,12000.0,0.002821046993433216,466216.46987564384,,4.0196811830001025,2952392.9661786873,2349100.6181240496,5301493.584302736
9,jinan,Asia/Shanghai,2023,4200135,2582.7873069286593,1246.0098965976242,2258810.9537983052,1094.3307524913757,0.9964386641665423,0.9465085603523987,0.7262115503114626,True,54.0,13500.0,0.0035173748111203833,524493.5286100993,,4.734872861999975,3318063.865029306,1649748.2583347992,4967812.123364106
10,jinan,Asia/Shanghai,2023,4200136,1359.338680646165,1864.6551727616488,1331755.3043471584,832.957944443166,0.9957057760051298,0.8895307663375678,0.7280679194127825,True,24.0,6000.0,0.0038113113011928063,233108.23493782192,,4.122867846999952,1746319.7780510215,2468850.07258647,4215169.850637492
11,jinan,Asia/Shanghai,2023,4200137,1757.3429579489116,1939.2174418577272,4359025.532142175,1229.6743826802217,0.9972392482405167,0.9220643441399762,0.8569526898504375,False,,,,,"No feasible battery size was found within the tested range for the selected fixed PV and wind capacities. Battery-range inadequacy: annual renewable production is sufficient overall, but no module count within the tested range (0..n_max) achieved the reliability target. Consider increasing candidate_module_counts.max and re-running.",3.916885036000167,2257629.248677061,2567572.3812251384,4825201.629902199
12,jinan,Asia/Shanghai,2023,4200138,1861.6906462288991,646.1112133124445,2454310.52388718,1033.3149942556188,0.9973491188708152,0.8894750271868712,0.7133117713910356,False,,,,,"No feasible battery size was found within the tested range for the selected fixed PV and wind capacities. Battery-range inadequacy: annual renewable production is sufficient overall, but no module count within the tested range (0..n_max) achieved the reliability target. Consider increasing candidate_module_counts.max and re-running.",4.0025821280000855,2391682.9870365285,855467.4017946494,3247150.3888311777
13,jinan,Asia/Shanghai,2023,4200139,1620.8424153787148,1142.755307691747,1738861.0853896947,1125.1314814779876,0.9904676567981859,0.9632357682116256,0.7198226283159751,True,34.0,8500.0,0.009004147154161935,330236.66616191436,,4.489246211999898,2082269.2735664295,1513036.6008450063,3595305.874411436
14,jinan,Asia/Shanghai,2023,4200140,903.6566252394412,1164.9224647057472,3925381.2120091966,1150.4507513286853,0.9941651942903417,0.9146580546490318,0.827912654247422,False,,,,,"No feasible battery size was found within the tested range for the selected fixed PV and wind capacities. Renewable-generation inadequacy: annual PV+wind production (2703299 kWh) is less than annual load (3925381 kWh). No finite battery can close this gap -- storage shifts energy in time, it does not create it. Increasing PV/wind capacity (a scenario input, not a battery decision variable in this optimization) would be required.",4.227005399000063,1160912.6258897707,1542386.4709992807,2703299.0968890516
15,jinan,Asia/Shanghai,2023,4200141,1364.466842547385,1522.8076921585234,2272744.3435663073,979.5380352594232,0.997746471614933,0.8918892553571389,0.8228759481083839,False,,,,,"No feasible battery size was found within the tested range for the selected fixed PV and wind capacities. Battery-range inadequacy: annual renewable production is sufficient overall, but no module count within the tested range (0..n_max) achieved the reliability target. Consider increasing candidate_module_counts.max and re-running.",3.7960572389999925,1752907.8422918562,2016235.4607113074,3769143.3030031635
16,jinan,Asia/Shanghai,2023,4200142,785.2872446898039,1506.2881308885683,1647814.0597646572,1232.7368138356574,0.9912366713703402,0.9662992221318172,0.8601768352170194,True,72.0,18000.0,0.00867263401858093,699324.7048134658,,3.8976783790001264,1008845.452849996,1994363.1485346693,3003208.6013846654
17,jinan,Asia/Shanghai,2023,4200143,2897.7341495361998,1085.8757880357725,4377845.240069846,1227.7980474746068,0.9910776022965101,0.89053932093101,0.7175418023821536,False,,,,,"No feasible battery size was found within the tested range for the selected fixed PV and wind capacities. Battery-range inadequacy: annual renewable production is sufficient overall, but no module count within the tested range (0..n_max) achieved the reliability target. Consider increasing candidate_module_counts.max and re-running.",4.0912370060000285,3722670.83171904,1437726.6946046175,5160397.5263236575
18,jinan,Asia/Shanghai,2023,4200144,1649.9594683322296,1513.4342756192802,4130863.2458403697,1232.9469861803855,0.9970227134451846,0.9231432607712087,0.7752718946961652,False,,,,,"No feasible battery size was found within the tested range for the selected fixed PV and wind capacities. Renewable-generation inadequacy: annual PV+wind production (4123500 kWh) is less than annual load (4130863 kWh). No finite battery can close this gap -- storage shifts energy in time, it does not create it. Increasing PV/wind capacity (a scenario input, not a battery decision variable in this optimization) would be required.",4.129141774000118,2119675.4668685365,2003824.822840381,4123500.2897089175
19,jinan,Asia/Shanghai,2023,4200145,2264.773999907662,1434.9734571898077,1265204.235209595,727.0338599338338,0.9974285956007669,0.9065823122809681,0.7917096163597102,True,17.0,4250.0,0.002052898600026445,165118.33308095718,,4.206158092000123,2909517.4625461586,1899940.7374049462,4809458.199951105
20,jinan,Asia/Shanghai,2023,4200146,1351.725313592117,1706.4138433896887,1764023.5189183292,1299.0599669979506,0.9959911626249588,0.9385112514002917,0.7180881453968265,True,55.0,13750.0,0.003827664898180874,534206.3717325086,,4.258276299000045,1736539.012114363,2259334.5958307674,3995873.60794513
21,jinan,Asia/Shanghai,2023,4200147,620.4538986411992,563.2077992942998,1862095.5003199084,779.7575397026359,0.9967066931549596,0.9367010660118759,0.870226219952387,False,,,,,"No feasible battery size was found within the tested range for the selected fixed PV and wind capacities. Renewable-generation inadequacy: annual PV+wind production (1542788 kWh) is less than annual load (1862096 kWh). No finite battery can close this gap -- storage shifts energy in time, it does not create it. Increasing PV/wind capacity (a scenario input, not a battery decision variable in this optimization) would be required.",4.340146670999957,797086.796684797,745701.2087171234,1542788.0054019205
22,jinan,Asia/Shanghai,2023,4200148,663.5009449738868,1309.356145869559,1424457.9233748857,1178.352996935158,0.9963862045659055,0.8955815061780253,0.7183442011648395,False,,,,,"No feasible battery size was found within the tested range for the selected fixed PV and wind capacities. Battery-range inadequacy: annual renewable production is sufficient overall, but no module count within the tested range (0..n_max) achieved the reliability target. Consider increasing candidate_module_counts.max and re-running.",4.490336663000107,852388.6206288615,1733620.276280869,2586008.8969097305
23,jinan,Asia/Shanghai,2023,4200149,1050.5996866409569,1964.0489231975464,3630371.405029996,1073.2849957584783,0.99572767507897,0.9315171834962773,0.7290260509330099,False,,,,,"No feasible battery size was found within the tested range for the selected fixed PV and wind capacities. Battery-range inadequacy: annual renewable production is sufficient overall, but no module count within the tested range (0..n_max) achieved the reliability target. Consider increasing candidate_module_counts.max and re-running.",4.099939232999986,1349687.9311366226,2600449.8834055797,3950137.8145422023
24,jinan,Asia/Shanghai,2023,4200150,2378.037442823171,849.1832020104576,3917517.9964158186,1023.5409729063313,0.9979776259805133,0.9628951477565673,0.8007265850366199,False,,,,,"No feasible battery size was found within the tested range for the selected fixed PV and wind capacities. Battery-range inadequacy: annual renewable production is sufficient overall, but no module count within the tested range (0..n_max) achieved the reliability target. Consider increasing candidate_module_counts.max and re-running.",4.083619697999893,3055025.1224911283,1124339.7924441427,4179364.9149352713
25,jinan,Asia/Shanghai,2023,4200151,2060.8253442217074,1639.7667393749057,2866588.6662442666,1129.251480462322,0.9944472748186568,0.8904271051901742,0.7144118294145887,False,,,,,"No feasible battery size was found within the tested range for the selected fixed PV and wind capacities. Battery-range inadequacy: annual renewable production is sufficient overall, but no module count within the tested range (0..n_max) achieved the reliability target. Consider increasing candidate_module_counts.max and re-running.",4.1535873180000635,2647508.019129158,2171092.1636705734,4818600.182799731
26,jinan,Asia/Shanghai,2023,4200152,1663.5250854909493,1353.599542255087,1256856.518371084,469.5105415323535,0.9947257947267053,0.8947376173832466,0.7331813735753067,True,18.0,4500.0,0.005255063345701598,174831.17620336646,,4.387527165999927,2137102.9894447937,1792199.6393574786,3929302.6288022725
27,jinan,Asia/Shanghai,2023,4200153,3008.912871650714,1980.4394048304898,4146637.9685507766,1131.023217425799,0.9989128949789364,0.8927436299711897,0.7896491226508702,False,,,,,"No feasible battery size was found within the tested range for the selected fixed PV and wind capacities. Battery-range inadequacy: annual renewable production is sufficient overall, but no module count within the tested range (0..n_max) achieved the reliability target. Consider increasing candidate_module_counts.max and re-running.",4.116904249000072,3865500.2855492826,2622151.2909153057,6487651.576464588
28,jinan,Asia/Shanghai,2023,4200154,2094.2331230137333,388.96348861292705,3312328.285518165,1213.2045561792597,0.9956774901632827,0.8959755924193271,0.767771127121921,False,,,,,"No feasible battery size was found within the tested range for the selected fixed PV and wind capacities. Renewable-generation inadequacy: annual PV+wind production (3205424 kWh) is less than annual load (3312328 kWh). No finite battery can close this gap -- storage shifts energy in time, it does not create it. Increasing PV/wind capacity (a scenario input, not a battery decision variable in this optimization) would be required.",4.182934006000096,2690426.4365007114,514997.38456911023,3205423.8210698217
29,jinan,Asia/Shanghai,2023,4200155,1334.0663198024415,1465.4602382580067,4558979.797267094,1280.8962449196622,0.9955832193869224,0.9229755286264959,0.8522865126368016,False,,,,,"No feasible battery size was found within the tested range for the selected fixed PV and wind capacities. Renewable-generation inadequacy: annual PV+wind production (3654159 kWh) is less than annual load (4558980 kWh). No finite battery can close this gap -- storage shifts energy in time, it does not create it. Increasing PV/wind capacity (a scenario input, not a battery decision variable in this optimization) would be required.",4.263622481000084,1713852.7967109059,1940305.9978309134,3654158.794541819
30,jinan,Asia/Shanghai,2023,4200156,1820.2660985821058,1195.5868443402953,4666742.770256491,1268.3058725408478,0.9988612027328846,0.9059405420939115,0.8467506994875833,False,,,,,"No feasible battery size was found within the tested range for the selected fixed PV and wind capacities. Renewable-generation inadequacy: annual PV+wind production (3921452 kWh) is less than annual load (4666743 kWh). No finite battery can close this gap -- storage shifts energy in time, it does not create it. Increasing PV/wind capacity (a scenario input, not a battery decision variable in this optimization) would be required.",4.340565237999954,2338465.5601491947,1582986.8763677697,3921452.4365169643
31,jinan,Asia/Shanghai,2023,4200157,1894.9203685809591,1960.2505623329125,3381352.811628517,1083.3662580879713,0.9907633734508065,0.9299915539123987,0.8604119573971448,False,,,,,"No feasible battery size was found within the tested range for the selected fixed PV and wind capacities. Battery-range inadequacy: annual renewable production is sufficient overall, but no module count within the tested range (0..n_max) achieved the reliability target. Consider increasing candidate_module_counts.max and re-running.",4.068212557999914,2434372.6582632475,2595420.7586465646,5029793.416909812
32,jinan,Asia/Shanghai,2023,4200158,3274.105001659666,1680.649563111377,1395944.8541662234,641.3374583720708,0.9904382862508246,0.8898354062003102,0.8350611257334968,True,10.0,2500.0,0.007905763643620141,97128.43122409248,,4.099128552000138,4206188.201086249,2225222.0445320513,6431410.2456183005
33,jinan,Asia/Shanghai,2023,4200159,2365.693320125737,1744.6255483246816,1223850.6621801932,790.3608092221673,0.9960955865942795,0.8826646560215752,0.7802711115106775,True,12.0,3000.0,0.003070166588778887,116554.11746891096,,3.9301522049997857,3039166.833518603,2309927.848610417,5349094.68212902
34,jinan,Asia/Shanghai,2023,4200160,3186.9046441510905,1408.9030559405458,2459589.325811166,1145.4201861135084,0.9931322828106857,0.9568010204029653,0.7597887302237811,True,40.0,10000.0,0.0066347850376452955,388513.7248963699,,3.9192261470000176,4094163.353166848,1865422.8742864414,5959586.22745329
35,jinan,Asia/Shanghai,2023,4200161,2270.960752649447,914.4921219461013,2656572.7690018555,1180.8854402804627,0.9916883431374555,0.8876330432112187,0.768385387709132,False,,,,,"No feasible battery size was found within the tested range for the selected fixed PV and wind capacities. Battery-range inadequacy: annual renewable production is sufficient overall, but no module count within the tested range (0..n_max) achieved the reliability target. Consider increasing candidate_module_counts.max and re-running.",3.900871739000195,2917465.48082057,1210810.435423593,4128275.916244163
36,jinan,Asia/Shanghai,2023,4200162,1476.0281915500311,1836.3166659613073,4006572.8930108836,1029.4338468888755,0.9953167031474739,0.9388095288108546,0.7598766583029651,False,,,,,"No feasible battery size was found within the tested range for the selected fixed PV and wind capacities. Battery-range inadequacy: annual renewable production is sufficient overall, but no module count within the tested range (0..n_max) achieved the reliability target. Consider increasing candidate_module_counts.max and re-running.",4.081357420000131,1896228.8505167998,2431329.18100661,4327558.03152341
37,jinan,Asia/Shanghai,2023,4200163,1224.1161848799889,780.4862249035974,2023840.289642139,1168.0300835553478,0.992549222399251,0.9305340454972946,0.8583948850282748,False,,,,,"No feasible battery size was found within the tested range for the selected fixed PV and wind capacities. Battery-range inadequacy: annual renewable production is sufficient overall, but no module count within the tested range (0..n_max) achieved the reliability target. Consider increasing candidate_module_counts.max and re-running.",4.093138047999901,1572601.6883975707,1033383.2770549982,2605984.965452569
38,jinan,Asia/Shanghai,2023,4200164,2851.472328127141,989.0952654515472,3724163.735509646,1294.4368363817762,0.9960713772928113,0.9533174598806095,0.8805107938438463,False,,,,,"No feasible battery size was found within the tested range for the selected fixed PV and wind capacities. Battery-range inadequacy: annual renewable production is sufficient overall, but no module count within the tested range (0..n_max) achieved the reliability target. Consider increasing candidate_module_counts.max and re-running.",3.912272271999882,3663239.0397414137,1309586.862802288,4972825.902543701
39,jinan,Asia/Shanghai,2023,4200165,1492.2072261646,1874.6923116604708,1457417.2361888778,733.8080855015446,0.996404022374371,0.8935408610401727,0.7094748040010963,True,29.0,7250.0,0.0033613437438789174,281672.45054986817,,3.8904463159999523,1917013.787000593,2482139.4954571966,4399153.282457789
40,jinan,Asia/Shanghai,2023,4200166,914.6161149155922,1853.881748355229,1249076.843651954,447.7380735519194,0.9902815516161148,0.8899566520805983,0.8240298573256593,True,20.0,5000.0,0.008773560770828462,194256.86244818495,,3.8915656809999746,1174992.0998658303,2454585.7892935965,3629577.889159427
41,jinan,Asia/Shanghai,2023,4200167,1224.9167262172573,1224.5816907752182,4328035.528660469,1141.907099744268,0.9900426725362068,0.956803251340813,0.8238238172853948,False,,,,,"No feasible battery size was found within the tested range for the selected fixed PV and wind capacities. Renewable-generation inadequacy: annual PV+wind production (3195007 kWh) is less than annual load (4328036 kWh). No finite battery can close this gap -- storage shifts energy in time, it does not create it. Increasing PV/wind capacity (a scenario input, not a battery decision variable in this optimization) would be required.",3.870720381999945,1573630.1305292659,1621376.7780349364,3195006.9085642025
42,jinan,Asia/Shanghai,2023,4200168,931.1559843666024,1447.5717684734627,2116602.863143014,782.6573366611455,0.9989259702833584,0.8803606844260006,0.7033159603795114,False,,,,,"No feasible battery size was found within the tested range for the selected fixed PV and wind capacities. Battery-range inadequacy: annual renewable production is sufficient overall, but no module count within the tested range (0..n_max) achieved the reliability target. Consider increasing candidate_module_counts.max and re-running.",4.033309743000018,1196240.5948582268,1916621.2165527625,3112861.8114109896
43,jinan,Asia/Shanghai,2023,4200169,3479.2537457915196,1252.3499014414979,1872622.8702481196,1192.1673097417984,0.9979234227011492,0.9282580371800238,0.8243584059721513,True,29.0,7250.0,0.0019653638575129278,281672.45054986817,,4.14775362499995,4469739.378155297,1658142.58327361,6127881.961428907
44,jinan,Asia/Shanghai,2023,4200170,3162.71326546413,910.3337986701481,2891402.18957823,889.178185343159,0.9952289043637325,0.9168225979862318,0.8203549511735417,False,,,,,"No feasible battery size was found within the tested range for the selected fixed PV and wind capacities. Battery-range inadequacy: annual renewable production is sufficient overall, but no module count within the tested range (0..n_max) achieved the reliability target. Consider increasing candidate_module_counts.max and re-running.",4.241054918999907,4063085.0916115455,1205304.7114314889,5268389.803043034
45,jinan,Asia/Shanghai,2023,4200171,3306.144108699484,1041.7524619278738,2242733.557978346,646.0662820271541,0.9935469628433381,0.8917997823723598,0.732574300110911,True,40.0,10000.0,0.006367508927253227,388513.7248963699,,4.353295175000085,4247348.308638056,1379306.307577827,5626654.616215883
46,jinan,Asia/Shanghai,2023,4200172,1334.3400706144635,563.7585829618604,2184560.514816762,798.112916434838,0.994215749771221,0.903349585586908,0.7090346233978853,False,,,,,"No feasible battery size was found within the tested range for the selected fixed PV and wind capacities. Battery-range inadequacy: annual renewable production is sufficient overall, but no module count within the tested range (0..n_max) achieved the reliability target. Consider increasing candidate_module_counts.max and re-running.",4.242484374000014,1714204.4798227733,746430.460064772,2460634.939887545
47,jinan,Asia/Shanghai,2023,4200173,995.9339701018735,655.8598539203552,2049653.7324059675,1144.5298156845386,0.995258050740551,0.946161648476767,0.7592065725820051,False,,,,,"No feasible battery size was found within the tested range for the selected fixed PV and wind capacities. Battery-range inadequacy: annual renewable production is sufficient overall, but no module count within the tested range (0..n_max) achieved the reliability target. Consider increasing candidate_module_counts.max and re-running.",4.182580729999927,1279459.7949607628,868374.8457145963,2147834.6406753594
48,jinan,Asia/Shanghai,2023,4200174,3188.366247270891,380.7121621696567,2602060.999101949,1138.8024628713547,0.9916154286511147,0.9172211138178973,0.7899718599888252,True,58.0,14500.0,0.008171390638953557,563344.9010997363,,4.2238159889998315,4096041.0503677805,504072.42204200034,4600113.472409781
49,jinan,Asia/Shanghai,2023,4200175,1874.786124609542,432.25410292767515,2007331.5638351513,913.8969536817207,0.9935363465241321,0.9629667205139495,0.7638312989216139,False,,,,,"No feasible battery size was found within the tested range for the selected fixed PV and wind capacities. Battery-range inadequacy: annual renewable production is sufficient overall, but no module count within the tested range (0..n_max) achieved the reliability target. Consider increasing candidate_module_counts.max and re-running.",4.110168054999804,2408506.5301496293,572315.2403606381,2980821.7705102675
50,jinan,Asia/Shanghai,2023,4200176,1461.4734850340485,1957.031103245074,3318283.5163672753,969.6991067990649,0.9902090482411208,0.9160055301521279,0.8750215226645024,False,,,,,"No feasible battery size was found within the tested range for the selected fixed PV and wind capacities. Battery-range inadequacy: annual renewable production is sufficient overall, but no module count within the tested range (0..n_max) achieved the reliability target. Consider increasing candidate_module_counts.max and re-running.",4.085784837999881,1877530.661305774,2591158.1143148905,4468688.7756206645
51,jinan,Asia/Shanghai,2023,4200177,2396.6075003445867,801.4002805257601,2494286.5040592076,1208.305427018313,0.9983148704954865,0.9558990597185781,0.8956408861529123,False,,,,,"No feasible battery size was found within the tested range for the selected fixed PV and wind capacities. Battery-range inadequacy: annual renewable production is sufficient overall, but no module count within the tested range (0..n_max) achieved the reliability target. Consider increasing candidate_module_counts.max and re-running.",4.158055193000109,3078881.766306912,1061074.009633924,4139955.7759408364
52,jinan,Asia/Shanghai,2023,4200178,1003.0985590333429,213.51265903999976,2981488.8332056804,1087.3863774647903,0.9975525647961089,0.8924496163104444,0.8548671802366102,False,,,,,"No feasible battery size was found within the tested range for the selected fixed PV and wind capacities. Renewable-generation inadequacy: annual PV+wind production (1571360 kWh) is less than annual load (2981489 kWh). No finite battery can close this gap -- storage shifts energy in time, it does not create it. Increasing PV/wind capacity (a scenario input, not a battery decision variable in this optimization) would be required.",4.16056493699989,1288664.0231128545,282696.09924087266,1571360.122353727
53,jinan,Asia/Shanghai,2023,4200179,1973.7723391740985,1807.4558351653454,1962716.089216359,1173.0222186419082,0.9908648570967469,0.8938172969849153,0.8067680026547921,True,29.0,7250.0,0.008991389045480993,281672.45054986817,,3.9892115329998887,2535672.4724638117,2393116.7193963556,4928789.191860167
54,jinan,Asia/Shanghai,2023,4200180,702.555440562245,295.05278252019866,1202749.3440782393,708.1324926789763,0.9969716149316301,0.8831354515251925,0.8304515212931711,False,,,,,"No feasible battery size was found within the tested range for the selected fixed PV and wind capacities. Battery-range inadequacy: annual renewable production is sufficient overall, but no module count within the tested range (0..n_max) achieved the reliability target. Consider increasing candidate_module_counts.max and re-running.",4.512423331000036,902561.281084118,390657.26155843295,1293218.542642551
55,jinan,Asia/Shanghai,2023,4200181,2969.3819522485596,502.401527440168,1978377.7945534424,1153.841022301563,0.9974081214895508,0.9285047589637768,0.863839975858796,True,48.0,12000.0,0.002516643722466717,466216.46987564384,,4.024563342000192,3814715.57135009,665192.1843818367,4479907.755731927
56,jinan,Asia/Shanghai,2023,4200182,2529.957147528913,318.9425796549107,1205657.5646205603,472.8909957827801,0.9980506034794691,0.9381661686905703,0.7343920703874045,True,27.0,6750.0,0.0018982535774239317,262246.76430504967,,4.081177936999893,3250193.838559148,422287.9503054343,3672481.7888645823
57,jinan,Asia/Shanghai,2023,4200183,3170.7918854708564,1045.920692517212,3723286.3103969013,1232.319041034788,0.99053538022965,0.8993660447165847,0.8171542650309445,False,,,,,"No feasible battery size was found within the tested range for the selected fixed PV and wind capacities. Battery-range inadequacy: annual renewable production is sufficient overall, but no module count within the tested range (0..n_max) achieved the reliability target. Consider increasing candidate_module_counts.max and re-running.",4.308866050000006,4073463.5602727914,1384825.1491005756,5458288.709373367
58,jinan,Asia/Shanghai,2023,4200184,632.5253088324838,922.276935535004,2916864.3453694717,1246.0777736482733,0.9951917486264783,0.9525571868900252,0.7340682387317037,False,,,,,"No feasible battery size was found within the tested range for the selected fixed PV and wind capacities. Renewable-generation inadequacy: annual PV+wind production (2033712 kWh) is less than annual load (2916864 kWh). No finite battery can close this gap -- storage shifts energy in time, it does not create it. Increasing PV/wind capacity (a scenario input, not a battery decision variable in this optimization) would be required.",4.389597273000163,812594.7364397272,1221117.7232668297,2033712.459706557
59,jinan,Asia/Shanghai,2023,4200185,3435.902431701317,1097.5511843773675,3816462.004234423,1269.4289649730247,0.9934265912509543,0.9157772522099493,0.8169505405609874,False,,,,,"No feasible battery size was found within the tested range for the selected fixed PV and wind capacities. Battery-range inadequacy: annual renewable production is sufficient overall, but no module count within the tested range (0..n_max) achieved the reliability target. Consider increasing candidate_module_counts.max and re-running.",4.2228137879999394,4414046.666487417,1453185.211292575,5867231.877779992
60,jinan,Asia/Shanghai,2023,4200186,1726.0081321001385,976.7342066372383,4555690.66536696,1223.107861063443,0.9983950165769129,0.9152342781577597,0.7658524919195538,False,,,,,"No feasible battery size was found within the tested range for the selected fixed PV and wind capacities. Renewable-generation inadequacy: annual PV+wind production (3510594 kWh) is less than annual load (4555691 kWh). No finite battery can close this gap -- storage shifts energy in time, it does not create it. Increasing PV/wind capacity (a scenario input, not a battery decision variable in this optimization) would be required.",4.0659279300000435,2217373.9194492595,1293220.5118561483,3510594.4313054075
61,jinan,Asia/Shanghai,2023,4200187,1853.1395005557652,1222.2816147712865,3647634.930683666,941.691080307536,0.9949895912104179,0.9088643992024669,0.7691461611525265,False,,,,,"No feasible battery size was found within the tested range for the selected fixed PV and wind capacities. Battery-range inadequacy: annual renewable production is sufficient overall, but no module count within the tested range (0..n_max) achieved the reliability target. Consider increasing candidate_module_counts.max and re-running.",4.25653047999981,2380697.4725164156,1618331.4198946154,3999028.892411031
62,jinan,Asia/Shanghai,2023,4200188,1635.7783626791927,370.3515828488996,2080131.9517940576,1009.2694922526555,0.9935018704036988,0.8993085075304129,0.8125344821149715,False,,,,,"No feasible battery size was found within the tested range for the selected fixed PV and wind capacities. Battery-range inadequacy: annual renewable production is sufficient overall, but no module count within the tested range (0..n_max) achieved the reliability target. Consider increasing candidate_module_counts.max and re-running.",4.375842154000111,2101457.2364678853,490354.7559653254,2591811.992433211
63,jinan,Asia/Shanghai,2023,4200189,2824.723710143984,1093.8628619233068,4043385.995886929,1263.686751155822,0.9986722192099994,0.9570077909532163,0.7375218585530067,False,,,,,"No feasible battery size was found within the tested range for the selected fixed PV and wind capacities. Battery-range inadequacy: annual renewable production is sufficient overall, but no module count within the tested range (0..n_max) achieved the reliability target. Consider increasing candidate_module_counts.max and re-running.",4.3634355320000395,3628875.5354252467,1448301.7801405604,5077177.315565807
64,jinan,Asia/Shanghai,2023,4200190,3013.1505745611234,711.9148422321359,2810122.077572704,1168.050969151554,0.9902157331997515,0.9268411699390505,0.7927351429363002,True,62.0,15500.0,0.009383645004174409,602196.2735893733,,4.28975193600013,3870944.3919455158,942593.0518386855,4813537.4437842015
65,jinan,Asia/Shanghai,2023,4200191,1787.0783640722382,975.937443748289,1390264.0958390022,811.330788853739,0.9989418869710817,0.966283677337474,0.7080798457684326,True,41.0,10250.0,0.0010050234758056727,398226.5680187791,,4.2618604340000275,2295829.8300044904,1292165.5778689147,3587995.407873405
66,jinan,Asia/Shanghai,2023,4200192,679.4730119518975,1702.4737957884845,2025515.6561652706,811.643060624664,0.9982417037209084,0.9310703302194391,0.7794466602945648,False,,,,,"No feasible battery size was found within the tested range for the selected fixed PV and wind capacities. Battery-range inadequacy: annual renewable production is sufficient overall, but no module count within the tested range (0..n_max) achieved the reliability target. Consider increasing candidate_module_counts.max and re-running.",4.349411372000077,872907.6692347594,2254117.8742897976,3127025.543524557
67,jinan,Asia/Shanghai,2023,4200193,3427.2080731689816,593.6676070729427,3933505.084326672,1232.985778222206,0.9987947345692292,0.901272439184519,0.709823528750008,False,,,,,"No feasible battery size was found within the tested range for the selected fixed PV and wind capacities. Battery-range inadequacy: annual renewable production is sufficient overall, but no module count within the tested range (0..n_max) achieved the reliability target. Consider increasing candidate_module_counts.max and re-running.",4.1887353009999515,4402877.168790738,786030.7558332781,5188907.9246240165
68,jinan,Asia/Shanghai,2023,4200194,960.8054976132755,313.99126166460456,2234158.477789383,846.9982004389221,0.9982120391666608,0.9283496995324906,0.8251979113398161,False,,,,,"No feasible battery size was found within the tested range for the selected fixed PV and wind capacities. Renewable-generation inadequacy: annual PV+wind production (1650063 kWh) is less than annual load (2234158 kWh). No finite battery can close this gap -- storage shifts energy in time, it does not create it. Increasing PV/wind capacity (a scenario input, not a battery decision variable in this optimization) would be required.",4.232063076000031,1234330.8310366296,415732.2814834819,1650063.1125201115
69,jinan,Asia/Shanghai,2023,4200195,1105.6017548286234,1641.0505172129303,4474281.215079591,1157.3436706523612,0.9985395879630521,0.9113110698180933,0.7181158117070878,False,,,,,"No feasible battery size was found within the tested range for the selected fixed PV and wind capacities. Renewable-generation inadequacy: annual PV+wind production (3593140 kWh) is less than annual load (4474281 kWh). No finite battery can close this gap -- storage shifts energy in time, it does not create it. Increasing PV/wind capacity (a scenario input, not a battery decision variable in this optimization) would be required.",4.301153934000013,1420348.1726771449,2172791.9176277076,3593140.0903048525
70,jinan,Asia/Shanghai,2023,4200196,3310.0090755953797,538.2264422656581,1768755.5230123582,772.5300874836478,0.9946759463829873,0.925737362330042,0.7873334978677679,True,28.0,7000.0,0.004949444900645496,271959.60742745886,,4.492755564999925,4252313.5672803,712625.2673771883,4964938.834657488
71,jinan,Asia/Shanghai,2023,4200197,1543.02090450771,1392.5532698591596,4760827.199654557,1258.6163106319564,0.993338210893875,0.9182573590762718,0.8624245922374119,False,,,,,"No feasible battery size was found within the tested range for the selected fixed PV and wind capacities. Renewable-generation inadequacy: annual PV+wind production (3826069 kWh) is less than annual load (4760827 kWh). No finite battery can close this gap -- storage shifts energy in time, it does not create it. Increasing PV/wind capacity (a scenario input, not a battery decision variable in this optimization) would be required.",4.058787713999891,1982293.273819812,1843775.3487045288,3826068.6225243406
72,jinan,Asia/Shanghai,2023,4200198,1093.0009467639186,724.3930164052383,4005774.1763393236,1176.9668443357818,0.9968449142045688,0.9437341798458372,0.7350361135712007,False,,,,,"No feasible battery size was found within the tested range for the selected fixed PV and wind capacities. Renewable-generation inadequacy: annual PV+wind production (2363275 kWh) is less than annual load (4005774 kWh). No finite battery can close this gap -- storage shifts energy in time, it does not create it. Increasing PV/wind capacity (a scenario input, not a battery decision variable in this optimization) would be required.",3.9741370849999385,1404160.1242855852,959114.4664482211,2363274.5907338066
73,jinan,Asia/Shanghai,2023,4200199,1573.0478945779228,1061.1288669560204,1981357.5534736048,537.1011872330062,0.9927749988355756,0.8914548578496135,0.8100479383816515,True,67.0,16750.0,0.0070419228202536,650760.4892014195,,3.981684825000002,2020868.4481906528,1404961.1523228502,3425829.600513503
74,jinan,Asia/Shanghai,2023,4200200,2615.084589572579,325.8769366583502,3749952.439344694,1071.3217550311847,0.996731911160572,0.9533565786596878,0.7896481266341214,False,,,,,"No feasible battery size was found within the tested range for the selected fixed PV and wind capacities. Battery-range inadequacy: annual renewable production is sufficient overall, but no module count within the tested range (0..n_max) achieved the reliability target. Consider increasing candidate_module_counts.max and re-running.",4.176406708000059,3359555.6464826004,431469.21236469573,3791024.858847296
75,jinan,Asia/Shanghai,2023,4200201,1704.9849020281292,682.5531886769918,4413386.810421392,1235.7456219173903,0.9931017679786045,0.9301301603693305,0.759259926090697,False,,,,,"No feasible battery size was found within the tested range for the selected fixed PV and wind capacities. Renewable-generation inadequacy: annual PV+wind production (3094083 kWh) is less than annual load (4413387 kWh). No finite battery can close this gap -- storage shifts energy in time, it does not create it. Increasing PV/wind capacity (a scenario input, not a battery decision variable in this optimization) would be required.",4.3410954700000275,2190365.7256885883,903717.4883726985,3094083.2140612868
76,jinan,Asia/Shanghai,2023,4200202,1009.3999213181226,551.3339536735803,1507110.3260520888,1246.7581991597203,0.9936259164765686,0.9550708802801897,0.8362658945379382,False,,,,,"No feasible battery size was found within the tested range for the selected fixed PV and wind capacities. Battery-range inadequacy: annual renewable production is sufficient overall, but no module count within the tested range (0..n_max) achieved the reliability target. Consider increasing candidate_module_counts.max and re-running.",4.2298870369997985,1296759.2783595782,729979.9402215778,2026739.2185811559
77,jinan,Asia/Shanghai,2023,4200203,2943.4216280928017,623.461499148161,2663899.0263198,1262.7448304461618,0.9923813784481155,0.9186961344910043,0.7865031186484732,True,63.0,15750.0,0.007410145500431718,611909.1167117825,,4.149226332000126,3781364.774993538,825478.613907538,4606843.388901076
78,jinan,Asia/Shanghai,2023,4200204,2213.502086167223,1989.3399904142814,1404814.8420824884,468.3979773938836,0.9946702317823838,0.9528946662800384,0.7178084010150106,True,14.0,3500.0,0.00483794010436541,135979.80371372943,,4.002402409000069,2843649.288338908,2633935.888778546,5477585.177117454
79,jinan,Asia/Shanghai,2023,4200205,3085.443253448042,1356.0543534223884,4859130.358932158,1282.1365301127023,0.9937065909627087,0.9163018962924215,0.8846693935451625,False,,,,,"No feasible battery size was found within the tested range for the selected fixed PV and wind capacities. Battery-range inadequacy: annual renewable production is sufficient overall, but no module count within the tested range (0..n_max) achieved the reliability target. Consider increasing candidate_module_counts.max and re-running.",4.228142539999908,3963817.593264635,1795449.8707231,5759267.463987735
80,jinan,Asia/Shanghai,2023,4200206,3045.142262183243,609.7900642385855,1467840.739845306,1160.7947164567129,0.9927522020586471,0.9357024743056173,0.851993376740146,True,16.0,4000.0,0.007039015699276662,155405.48995854793,,4.536713634999842,3912043.58056066,807377.2922466127,4719420.872807273
81,jinan,Asia/Shanghai,2023,4200207,2015.8307668792875,1248.7598287661676,3294039.7390038213,1076.235950522529,0.9982183837531249,0.9022052548131524,0.8473046435403776,False,,,,,"No feasible battery size was found within the tested range for the selected fixed PV and wind capacities. Battery-range inadequacy: annual renewable production is sufficient overall, but no module count within the tested range (0..n_max) achieved the reliability target. Consider increasing candidate_module_counts.max and re-running.",4.210323032000133,2589704.234511801,1653389.2372852727,4243093.471797073
82,jinan,Asia/Shanghai,2023,4200208,2533.915557635134,1141.562898702767,2199210.239533049,1084.993871511845,0.9986456365706595,0.9449652699010251,0.8835719993251469,True,62.0,15500.0,0.0012780459564692445,602196.2735893733,,4.127426403999834,3255279.1421384187,1511457.8215285947,4766736.963667014
83,jinan,Asia/Shanghai,2023,4200209,1689.3087060944363,1901.2669178073907,1469667.8930885775,1037.1910385968686,0.9923185135456383,0.9579947948938305,0.849213595791873,True,15.0,3750.0,0.007516420437330815,145692.6468361387,,4.360037158000068,2170226.777688817,2517324.938467343,4687551.71615616
84,jinan,Asia/Shanghai,2023,4200210,3157.115512575089,588.6646227762787,4015851.6005386063,1068.233440753541,0.9922112976869548,0.9007671674740495,0.705436426699517,False,,,,,"No feasible battery size was found within the tested range for the selected fixed PV and wind capacities. Battery-range inadequacy: annual renewable production is sufficient overall, but no module count within the tested range (0..n_max) achieved the reliability target. Consider increasing candidate_module_counts.max and re-running.",4.017814486999896,4055893.7516445788,779406.6795298432,4835300.431174422
85,jinan,Asia/Shanghai,2023,4200211,1538.1914687142041,1041.7744144103824,2099484.7570223715,1086.4003162928261,0.9923463340320235,0.8938178391703343,0.7492704483566454,False,,,,,"No feasible battery size was found within the tested range for the selected fixed PV and wind capacities. Battery-range inadequacy: annual renewable production is sufficient overall, but no module count within the tested range (0..n_max) achieved the reliability target. Consider increasing candidate_module_counts.max and re-running.",4.340422280999974,1976088.9780375294,1379335.3732135685,3355424.351251098
86,jinan,Asia/Shanghai,2023,4200212,1150.7483684173649,371.3375690065534,1203011.0850724056,703.5429440505061,0.9969231832316839,0.9460119798519853,0.70642981756057,True,67.0,16750.0,0.0029619240265090488,650760.4892014195,,4.546178167000107,1478347.2757296448,491660.22629166325,1970007.502021308
87,jinan,Asia/Shanghai,2023,4200213,1736.7757893922255,1567.3574941515105,2422599.3642376466,1201.081445559973,0.9945018868438201,0.9480483832941567,0.8699460382802454,False,,,,,"No feasible battery size was found within the tested range for the selected fixed PV and wind capacities. Battery-range inadequacy: annual renewable production is sufficient overall, but no module count within the tested range (0..n_max) achieved the reliability target. Consider increasing candidate_module_counts.max and re-running.",4.70590134400004,2231206.94955439,2075220.5124735606,4306427.46202795
88,jinan,Asia/Shanghai,2023,4200214,2998.511163984537,745.7637379422649,3530987.9251464736,1284.9021565876085,0.9988654202704879,0.9615496129688663,0.8596896689656115,False,,,,,"No feasible battery size was found within the tested range for the selected fixed PV and wind capacities. Battery-range inadequacy: annual renewable production is sufficient overall, but no module count within the tested range (0..n_max) achieved the reliability target. Consider increasing candidate_module_counts.max and re-running.",4.606964529999914,3852137.384837655,987409.8361169046,4839547.22095456
89,jinan,Asia/Shanghai,2023,4200215,1325.0931218907585,316.90420257789856,1491155.442747647,860.8136628566507,0.9901955111013367,0.956391290182248,0.7310794238514551,True,54.0,13500.0,0.009601081953215318,524493.5286100993,,4.564793277000035,1702325.0787046107,419589.0880878767,2121914.1667924873
90,jinan,Asia/Shanghai,2023,4200216,1104.0449571581457,1873.231248020999,1294663.0836284584,1221.2105963422928,0.9985673591107281,0.8810846676714332,0.8526038593553497,True,28.0,7000.0,0.001248523005613845,271959.60742745886,,4.403382501999886,1418348.1806213853,2480205.010666091,3898553.1912874766
91,jinan,Asia/Shanghai,2023,4200217,1024.4221586990152,595.2432659637644,3658788.1163832652,1239.6968203300548,0.9966073171118482,0.8993719373361235,0.8719122266837797,False,,,,,"No feasible battery size was found within the tested range for the selected fixed PV and wind capacities. Renewable-generation inadequacy: annual PV+wind production (2104175 kWh) is less than annual load (3658788 kWh). No finite battery can close this gap -- storage shifts energy in time, it does not create it. Increasing PV/wind capacity (a scenario input, not a battery decision variable in this optimization) would be required.",4.105595473999983,1316058.0966911218,788116.9676025112,2104175.064293633
92,jinan,Asia/Shanghai,2023,4200218,1634.6015690290433,1733.0999289545337,2481007.869299994,899.5936425331334,0.9983400343927316,0.9032104608233015,0.838585318117171,False,,,,,"No feasible battery size was found within the tested range for the selected fixed PV and wind capacities. Battery-range inadequacy: annual renewable production is sufficient overall, but no module count within the tested range (0..n_max) achieved the reliability target. Consider increasing candidate_module_counts.max and re-running.",4.218518119999999,2099945.4292522147,2294667.6403776794,4394613.069629895
93,jinan,Asia/Shanghai,2023,4200219,3461.9378598714316,471.0769170374063,1668532.1407135744,957.904952067057,0.9930576235297413,0.8864120029629932,0.7950611235767209,True,24.0,6000.0,0.00631100987593979,233108.23493782192,,4.154604915999926,4447493.947721176,623717.6169678182,5071211.564688994
94,jinan,Asia/Shanghai,2023,4200220,2761.312038931867,713.2203207473398,2975748.450777214,1137.9843706793208,0.9946806472103534,0.9558458771925824,0.7892778984287419,False,,,,,"No feasible battery size was found within the tested range for the selected fixed PV and wind capacities. Battery-range inadequacy: annual renewable production is sufficient overall, but no module count within the tested range (0..n_max) achieved the reliability target. Consider increasing candidate_module_counts.max and re-running.",4.274248644999943,3547411.6168495244,944321.5380350087,4491733.154884533
95,jinan,Asia/Shanghai,2023,4200221,3358.92548468031,1371.430261491926,1814263.986192022,1179.347637638141,0.9944033867174772,0.8927475071175615,0.7305380267682842,True,25.0,6250.0,0.005157297798572485,242821.07806023117,,4.330223651999859,4315155.663861884,1815807.957466473,6130963.621328357
96,jinan,Asia/Shanghai,2023,4200222,1244.8827436558781,1021.7851813892939,3288581.4630928766,1100.8176830371397,0.9934005387977354,0.9277397061642771,0.8187031184884385,False,,,,,"No feasible battery size was found within the tested range for the selected fixed PV and wind capacities. Renewable-generation inadequacy: annual PV+wind production (2952149 kWh) is less than annual load (3288581 kWh). No finite battery can close this gap -- storage shifts energy in time, it does not create it. Increasing PV/wind capacity (a scenario input, not a battery decision variable in this optimization) would be required.",4.018255195999927,1599280.1408161805,1352869.128882735,2952149.2696989155
97,jinan,Asia/Shanghai,2023,4200223,593.2088002095198,905.3078778380949,2260972.182099756,964.036682178286,0.9916318931288927,0.9407331477165283,0.7526950856378635,False,,,,,"No feasible battery size was found within the tested range for the selected fixed PV and wind capacities. Renewable-generation inadequacy: annual PV+wind production (1960736 kWh) is less than annual load (2260972 kWh). No finite battery can close this gap -- storage shifts energy in time, it does not create it. Increasing PV/wind capacity (a scenario input, not a battery decision variable in this optimization) would be required.",4.165470124999956,762085.472199885,1198650.2665816932,1960735.7387815781
98,jinan,Asia/Shanghai,2023,4200224,3478.4238718113347,814.7688719629211,2063139.7215863233,795.1255966600376,0.9947992482884853,0.896012123946653,0.822621883798828,True,33.0,8250.0,0.005152979416962599,320523.8230395051,,4.007729181000059,4468673.2528654635,1078774.3589650725,5547447.611830536
99,jinan,Asia/Shanghai,2023,4200225,598.429998493186,702.8386619487125,2222591.2034154553,647.5519738062445,0.9934665096362038,0.9105106966542591,0.7655847767061408,False,,,,,"No feasible battery size was found within the tested range for the selected fixed PV and wind capacities. Renewable-generation inadequacy: annual PV+wind production (1699369 kWh) is less than annual load (2222591 kWh). No finite battery can close this gap -- storage shifts energy in time, it does not create it. Increasing PV/wind capacity (a scenario input, not a battery decision variable in this optimization) would be required.",4.021779309000067,768793.0587327409,930575.9622025623,1699369.020935303
